product_id,title,price,sale_price,availability,material,color,color_hex,size_text,origin,age_group,pattern,images,status,visibility
test-utf8,"Test Rug UTF8",100,90,in stock,wool,"Beige|Red","#cbb79c|#7a1f2b","170x240","Anatolia",adult,"geometric","https://example.com/1.jpg active",active,public
10002,"Anatolian Rug",329,299,in stock,100% wool,"Beige|Burgundy","#cbb79c|#7a1f2b","170x240 cm","Anatolia",adult,"Traditional, Vintage","https://example.com/a.jpg https://example.com/b.jpg",active,public
test-123,"Smoke Test Rug",123.45,,in stock,,"","","","",,"","https://example.com/i.jpg",active,public
10049,"Cappadocia rug",,,in stock,Wool pile; cotton foundation (fringes cotton),"#694d3c|#521b1e","#694d3c|#521b1e","6' 4'' X  9' 6''","",,"","[object Object] [object Object] [object Object] [object Object] [object Object]",active,public
10402,"Cappadocia rug",,,in stock,Wool pile; cotton foundation (fringes cotton),"#846c5a|#af8d75","#846c5a|#af8d75","8' 2'' X 12' 0''","",,"","[object Object] [object Object] [object Object] [object Object]",active,public
16548,"Cappadocia rug",,,in stock,Wool pile; cotton foundation (fringes cotton),"#8c7666|#232233","#8c7666|#232233","3'11'' X  6' 6''","",,"","[object Object] [object Object] [object Object] [object Object]",active,public
10031,"Cappadocia rug",,,in stock,Wool pile; cotton foundation (fringes cotton),"#5d493e|#8b846d","#5d493e|#8b846d","6' 5'' X  9' 9''","",,"","[object Object] [object Object] [object Object] [object Object] [object Object] [object Object] [object Object]",active,public
10349,"Cappadocia rug",,,in stock,Wool pile; cotton foundation (fringes cotton),"#9a735f|#d29979","#9a735f|#d29979","4' 0'' X  6' 2''","",,"","[object Object] [object Object] [object Object] [object Object]",active,public
10125,"Cappadocia rug",,,in stock,Wool pile; cotton foundation (fringes cotton),"#644b38|#481717","#644b38|#481717","6'10'' X  9' 8''","",,"","[object Object] [object Object] [object Object] [object Object]",active,public
10401,"Cappadocia rug",,,in stock,Wool pile; cotton foundation (fringes cotton),"#805a43|#b58e69","#805a43|#b58e69","3' 0'' X  4' 4''","",,"","[object Object] [object Object] [object Object] [object Object]",active,public
10051,"Cappadocia rug",,,in stock,Wool pile; cotton foundation (fringes cotton),"#8b6754|#27242a","#8b6754|#27242a","6' 5'' X  9' 7''","",,"","[object Object] [object Object] [object Object] [object Object] [object Object] [object Object] [object Object] [object Object] [object Object]",active,public
10215,"Cappadocia rug",,,in stock,Wool pile; cotton foundation (fringes cotton),"#5b3b3a|#7e6d62","#5b3b3a|#7e6d62","4'10'' X  6' 8''","",,"","[object Object] [object Object] [object Object] [object Object] [object Object]",active,public
10346,"Cappadocia rug",,,in stock,Wool pile; cotton foundation (fringes cotton),"#8d6054|#8d222b","#8d6054|#8d222b","3'11'' X  5' 9''","",,"","[object Object] [object Object] [object Object] [object Object]",active,public
10254,"Cappadocia rug",,,in stock,Wool pile; cotton foundation (fringes cotton),"#86705e|#793f25","#86705e|#793f25","4'10'' X  7'10''","",,"","[object Object] [object Object] [object Object] [object Object] [object Object]",active,public
10102,"Cappadocia rug",,,in stock,Wool pile; cotton foundation (fringes cotton),"#4d2221|#776153","#4d2221|#776153","6' 4'' X  9' 3''","",,"","[object Object] [object Object] [object Object] [object Object] [object Object]",active,public
10315,"Cappadocia rug",,,in stock,Wool pile; cotton foundation (fringes cotton),"#af7a6e|#d2c1a7","#af7a6e|#d2c1a7","4' 2'' X  5'11''","",,"","[object Object] [object Object] [object Object] [object Object]",active,public
10094,"Cappadocia rug",,,in stock,Wool pile; cotton foundation (fringes cotton),"#755843|#ae8c6c","#755843|#ae8c6c","6' 4'' X 10' 1''","",,"","[object Object] [object Object] [object Object] [object Object] [object Object]",active,public
10413,"Cappadocia rug",,,in stock,Wool pile; cotton foundation (fringes cotton),"#7c6349|#4c3c29","#7c6349|#4c3c29","9' 1'' X 12' 7''","",,"","[object Object] [object Object] [object Object] [object Object]",active,public
10153,"Cappadocia rug",,,in stock,Wool pile; cotton foundation (fringes cotton),"#845b4e|#741f1b","#845b4e|#741f1b","6' 7'' X  9' 7''","",,"","[object Object] [object Object] [object Object] [object Object] [object Object]",active,public
10186,"Cappadocia rug",,,in stock,Wool pile; cotton foundation (fringes cotton),"#87574c|#ae9c7b","#87574c|#ae9c7b","6' 7'' X  9' 9''","",,"","[object Object] [object Object] [object Object] [object Object] [object Object] [object Object] [object Object] [object Object] [object Object] [object Object]",active,public
10423,"Cappadocia rug",,,in stock,Wool pile; cotton foundation (fringes cotton),"#9a7d65|#cda98a","#9a7d65|#cda98a","7' 7'' X 11' 8''","",,"","[object Object] [object Object] [object Object] [object Object]",active,public
10182,"Cappadocia rug",,,in stock,Wool pile; cotton foundation (fringes cotton),"#6d5443|#8e8569","#6d5443|#8e8569","6' 4'' X  9' 4''","",,"","[object Object] [object Object] [object Object] [object Object] [object Object] [object Object] [object Object]",active,public
10377,"Cappadocia rug",,,in stock,Wool pile; cotton foundation (fringes cotton),"#a77969|#67574e","#a77969|#67574e","4' 1'' X  5' 7''","",,"","[object Object] [object Object] [object Object] [object Object]",active,public
10239,"Cappadocia rug",,,in stock,Wool pile; cotton foundation (fringes cotton),"#705c45|#ae826b","#705c45|#ae826b","6' 6'' X  9' 9''","",,"","[object Object] [object Object] [object Object] [object Object] [object Object]",active,public
10089,"Cappadocia rug",,,in stock,Wool pile; cotton foundation (fringes cotton),"#715843|#a48a6b","#715843|#a48a6b","6' 6'' X  9' 9''","",,"","[object Object] [object Object] [object Object] [object Object] [object Object]",active,public
10036,"Cappadocia rug",,,in stock,Wool pile; cotton foundation (fringes cotton),"#816345|#562a21","#816345|#562a21","6' 4'' X  9' 7''","",,"","[object Object] [object Object] [object Object] [object Object] [object Object]",active,public
10427,"Cappadocia rug",,,in stock,Wool pile; cotton foundation (fringes cotton),"#64423b|#8f6258","#64423b|#8f6258","11' 0'' X 15' 8''","",,"","[object Object] [object Object] [object Object] [object Object] [object Object] [object Object]",active,public
10168,"Cappadocia rug",,,in stock,Wool pile; cotton foundation (fringes cotton),"#54332d|#1f1f20","#54332d|#1f1f20","6' 9'' X  9' 5''","",,"","[object Object] [object Object] [object Object] [object Object] [object Object]",active,public
10270,"Cappadocia rug",,,in stock,Wool pile; cotton foundation (fringes cotton),"#65302f|#886753","#65302f|#886753","4'10'' X  7' 3''","",,"","[object Object] [object Object] [object Object] [object Object] [object Object]",active,public
10320,"Cappadocia rug",,,in stock,Wool pile; cotton foundation (fringes cotton),"#966253|#b09581","#966253|#b09581","3' 7'' X  6' 0''","",,"","[object Object] [object Object] [object Object] [object Object]",active,public
10276,"Cappadocia rug",,,in stock,Wool pile; cotton foundation (fringes cotton),"#947869|#d3c5ae","#947869|#d3c5ae","4'11'' X  7' 0''","",,"","[object Object] [object Object] [object Object] [object Object] [object Object]",active,public
10328,"Cappadocia rug",,,in stock,Wool pile; cotton foundation (fringes cotton),"#966d51|#d39967","#966d51|#d39967","3' 4'' X  6' 1''","",,"","[object Object] [object Object] [object Object] [object Object]",active,public
10181,"Cappadocia rug",,,in stock,Wool pile; cotton foundation (fringes cotton),"#644a39|#947b5f","#644a39|#947b5f","6' 7'' X  9' 6''","",,"","[object Object] [object Object] [object Object] [object Object] [object Object] [object Object] [object Object]",active,public
10069,"Cappadocia rug",,,in stock,Wool pile; cotton foundation (fringes cotton),"#6c554a|#4e2928","#6c554a|#4e2928","6' 7'' X  9' 7''","",,"","[object Object] [object Object] [object Object] [object Object] [object Object] [object Object] [object Object]",active,public
10101,"Cappadocia rug",,,in stock,Wool pile; cotton foundation (fringes cotton),"#937e66|#735142","#937e66|#735142","6' 5'' X  9' 8''","",,"","[object Object] [object Object] [object Object] [object Object] [object Object]",active,public
10389,"Cappadocia rug",,,in stock,Wool pile; cotton foundation (fringes cotton),"#84615b|#b8867e","#84615b|#b8867e","2' 9'' X  4' 4''","",,"","[object Object] [object Object] [object Object] [object Object] [object Object] [object Object] [object Object]",active,public
10359,"Cappadocia rug",,,in stock,Wool pile; cotton foundation (fringes cotton),"#956a53|#d37858","#956a53|#d37858","3'11'' X  5' 8''","",,"","[object Object] [object Object] [object Object] [object Object]",active,public
10425,"Cappadocia rug",,,in stock,Wool pile; cotton foundation (fringes cotton),"#886960|#b9a194","#886960|#b9a194","7' 4'' X 11' 2''","",,"","[object Object] [object Object] [object Object] [object Object]",active,public
10046,"Cappadocia rug",,,in stock,Wool pile; cotton foundation (fringes cotton),"#936f54|#c79a75","#936f54|#c79a75","6' 6'' X  9' 4''","",,"","[object Object] [object Object] [object Object] [object Object] [object Object] [object Object] [object Object] [object Object]",active,public
15114,"Cappadocia rug",,,in stock,Wool pile; cotton foundation (fringes cotton),"#5a3e34|#1a1212","#5a3e34|#1a1212","6' 6'' X  9'11''","",,"","[object Object] [object Object] [object Object] [object Object] [object Object]",active,public
10082,"Cappadocia rug",,,in stock,Wool pile; cotton foundation (fringes cotton),"#775944|#040404","#775944|#040404","6' 8'' X  9' 6''","",,"","[object Object] [object Object] [object Object] [object Object] [object Object] [object Object] [object Object] [object Object] [object Object] [object Object] [object Object] [object Object]",active,public
10030,"Cappadocia rug",,,in stock,Wool pile; cotton foundation (fringes cotton),"#6d5446|#41231f","#6d5446|#41231f","6' 6'' X  9' 8''","",,"","[object Object] [object Object] [object Object] [object Object] [object Object]",active,public
10065,"Cappadocia rug",,,in stock,Wool pile; cotton foundation (fringes cotton),"#7f614e|#c38e6e","#7f614e|#c38e6e","6' 9'' X  9' 9''","",,"","[object Object] [object Object] [object Object] [object Object]",active,public
10451,"Cappadocia rug",,,in stock,Wool pile; cotton foundation (fringes cotton),"#987955|#bf9c91","#987955|#bf9c91","2'11'' X  4' 5''","",,"","[object Object] [object Object] [object Object] [object Object]",active,public
10384,"Cappadocia rug",,,in stock,Wool pile; cotton foundation (fringes cotton),"#b9ab98|#cabcac","#b9ab98|#cabcac","2'11'' X  4' 2''","",,"","[object Object] [object Object] [object Object] [object Object]",active,public
10317,"Cappadocia rug",,,in stock,Wool pile; cotton foundation (fringes cotton),"#956e58|#cd8f6e","#956e58|#cd8f6e","4' 1'' X  5' 9''","",,"","[object Object] [object Object] [object Object] [object Object] [object Object] [object Object] [object Object] [object Object] [object Object]",active,public
10121,"Cappadocia rug",,,in stock,Wool pile; cotton foundation (fringes cotton),"#7f584d|#212430","#7f584d|#212430","6' 8'' X  9' 8''","",,"","[object Object] [object Object] [object Object] [object Object] [object Object]",active,public
10371,"Cappadocia rug",,,in stock,Wool pile; cotton foundation (fringes cotton),"#906d66|#6f423c","#906d66|#6f423c","3'10'' X  5'10''","",,"","[object Object] [object Object] [object Object] [object Object]",active,public
10406,"Cappadocia rug",,,in stock,Wool pile; cotton foundation (fringes cotton),"#8e6c56|#be9479","#8e6c56|#be9479","8' 4'' X 13' 0''","",,"","[object Object] [object Object] [object Object] [object Object]",active,public
10393,"Cappadocia rug",,,in stock,Wool pile; cotton foundation (fringes cotton),"#765748|#26292a","#765748|#26292a","3' 2'' X  3'10''","",,"","[object Object] [object Object] [object Object] [object Object] [object Object] [object Object] [object Object] [object Object]",active,public
16532,"Cappadocia rug",,,in stock,Wool pile; cotton foundation (fringes cotton),"#382824|#615542","#382824|#615542","7' 9'' X 11' 1''","",,"","[object Object] [object Object] [object Object] [object Object] [object Object] [object Object] [object Object] [object Object]",active,public
15077,"Cappadocia rug",,,in stock,Wool pile; cotton foundation (fringes cotton),"#68584d|#3f221e","#68584d|#3f221e","5' 0'' X  7' 1''","",,"","[object Object] [object Object] [object Object] [object Object] [object Object] [object Object] [object Object] [object Object] [object Object]",active,public
10158,"Cappadocia rug",,,in stock,Wool pile; cotton foundation (fringes cotton),"#917262|#ad998d","#917262|#ad998d","6' 4'' X  9' 7''","",,"","[object Object] [object Object] [object Object] [object Object] [object Object] [object Object] [object Object] [object Object] [object Object] [object Object]",active,public
10391,"Cappadocia rug",,,in stock,Wool pile; cotton foundation (fringes cotton),"#b2817e|#645955","#b2817e|#645955","2'10'' X  4'10''","",,"","[object Object] [object Object] [object Object] [object Object] [object Object] [object Object] [object Object] [object Object]",active,public
10180,"Cappadocia rug",,,in stock,Wool pile; cotton foundation (fringes cotton),"#796042|#b59160","#796042|#b59160","6' 6'' X  9' 6''","",,"","[object Object] [object Object] [object Object] [object Object] [object Object] [object Object] [object Object]",active,public
10157,"Cappadocia rug",,,in stock,Wool pile; cotton foundation (fringes cotton),"#755a46|#a48262","#755a46|#a48262","6' 6'' X  9' 9''","",,"","[object Object] [object Object] [object Object] [object Object] [object Object] [object Object] [object Object]",active,public
10399,"Cappadocia rug",,,in stock,Wool pile; cotton foundation (fringes cotton),"#7c5d55|#73141c","#7c5d55|#73141c","3' 1'' X  4' 2''","",,"","[object Object] [object Object] [object Object] [object Object] [object Object] [object Object] [object Object] [object Object] [object Object] [object Object] [object Object] [object Object]",active,public
10405,"Cappadocia rug",,,in stock,Wool pile; cotton foundation (fringes cotton),"#8d664f|#4f3c2f","#8d664f|#4f3c2f","8' 6'' X 12'11''","",,"","[object Object] [object Object] [object Object] [object Object] [object Object]",active,public
10115,"Cappadocia rug",,,in stock,Wool pile; cotton foundation (fringes cotton),"#825a45|#aa8e72","#825a45|#aa8e72","6' 8'' X  9' 9''","",,"","[object Object] [object Object] [object Object] [object Object] [object Object] [object Object] [object Object]",active,public
10141,"Cappadocia rug",,,in stock,Wool pile; cotton foundation (fringes cotton),"#956e54|#d19270","#956e54|#d19270","6' 6'' X  9'11''","",,"","[object Object] [object Object] [object Object] [object Object]",active,public
10012,"Cappadocia rug",,,in stock,Wool pile; cotton foundation (fringes cotton),"#745848|#9a8975","#745848|#9a8975","6' 8'' X 10' 0''","",,"","[object Object] [object Object] [object Object] [object Object] [object Object]",active,public
10093,"Cappadocia rug",,,in stock,Wool pile; cotton foundation (fringes cotton),"#7d5b4b|#1c1925","#7d5b4b|#1c1925","6' 5'' X  9'10''","",,"","[object Object] [object Object] [object Object] [object Object] [object Object]",active,public
10358,"Cappadocia rug",,,in stock,Wool pile; cotton foundation (fringes cotton),"#b3a18c|#826758","#b3a18c|#826758","3'10'' X  5' 7''","",,"","[object Object] [object Object] [object Object] [object Object] [object Object] [object Object] [object Object] [object Object] [object Object]",active,public
10021,"Cappadocia rug",,,in stock,Wool pile; cotton foundation (fringes cotton),"#816047|#b7855d","#816047|#b7855d","6' 7'' X  9' 8''","",,"","[object Object] [object Object] [object Object] [object Object] [object Object]",active,public
10073,"Cappadocia rug",,,in stock,Wool pile; cotton foundation (fringes cotton),"#806954|#ab9c7c","#806954|#ab9c7c","6' 4'' X 10' 1''","",,"","[object Object] [object Object] [object Object] [object Object] [object Object] [object Object] [object Object]",active,public
10298,"Cappadocia rug",,,in stock,Wool pile; cotton foundation (fringes cotton),"#c77b73|#806659","#c77b73|#806659","3' 9'' X  5'11''","",,"","[object Object] [object Object] [object Object] [object Object]",active,public
10122,"Cappadocia rug",,,in stock,Wool pile; cotton foundation (fringes cotton),"#806049|#b5875f","#806049|#b5875f","6' 7'' X  9' 9''","",,"","[object Object] [object Object] [object Object] [object Object] [object Object]",active,public
10229,"Cappadocia rug",,,in stock,Wool pile; cotton foundation (fringes cotton),"#7c5046|#392d3b","#7c5046|#392d3b","4'10'' X  7' 2''","",,"","[object Object] [object Object] [object Object] [object Object] [object Object]",active,public
10100,"Cappadocia rug",,,in stock,Wool pile; cotton foundation (fringes cotton),"#644c3d|#897964","#644c3d|#897964","6' 7'' X  9' 7''","",,"","[object Object] [object Object] [object Object] [object Object] [object Object]",active,public
10420,"Cappadocia rug",,,in stock,Wool pile; cotton foundation (fringes cotton),"#866954|#a99484","#866954|#a99484","7' 5'' X 11' 7''","",,"","[object Object] [object Object] [object Object] [object Object]",active,public
10126,"Cappadocia rug",,,in stock,Wool pile; cotton foundation (fringes cotton),"#80563e|#59221a","#80563e|#59221a","6' 9'' X  9' 9''","",,"","[object Object] [object Object] [object Object] [object Object] [object Object]",active,public
10077,"Cappadocia rug",,,in stock,Wool pile; cotton foundation (fringes cotton),"#91715a|#c79b78","#91715a|#c79b78","6' 5'' X  9' 8''","",,"","[object Object] [object Object] [object Object] [object Object]",active,public
10132,"Cappadocia rug",,,in stock,Wool pile; cotton foundation (fringes cotton),"#7f5c49|#ad7e63","#7f5c49|#ad7e63","6' 3'' X 10' 4''","",,"","[object Object] [object Object] [object Object] [object Object] [object Object]",active,public
10412,"Cappadocia rug",,,in stock,Wool pile; cotton foundation (fringes cotton),"#957c65|#625549","#957c65|#625549","8' 3'' X 12' 3''","",,"","[object Object] [object Object] [object Object] [object Object]",active,public
10356,"Cappadocia rug",,,in stock,Wool pile; cotton foundation (fringes cotton),"#a17e6b|#61534c","#a17e6b|#61534c","3'11'' X  6' 0''","",,"","[object Object] [object Object] [object Object] [object Object]",active,public
10183,"Cappadocia rug",,,in stock,Wool pile; cotton foundation (fringes cotton),"#664a3a|#421b18","#664a3a|#421b18","6' 7'' X 10' 2''","",,"","[object Object] [object Object] [object Object] [object Object] [object Object] [object Object] [object Object]",active,public
10130,"Cappadocia rug",,,in stock,Wool pile; cotton foundation (fringes cotton),"#a97d68|#d4b696","#a97d68|#d4b696","6' 8'' X 10' 6''","",,"","[object Object] [object Object] [object Object] [object Object] [object Object]",active,public
10124,"Cappadocia rug",,,in stock,Wool pile; cotton foundation (fringes cotton),"#6b533b|#37221a","#6b533b|#37221a","6' 6'' X  9' 8''","",,"","[object Object] [object Object] [object Object] [object Object] [object Object]",active,public
10213,"Cappadocia rug",,,in stock,Wool pile; cotton foundation (fringes cotton),"#51403a|#292120","#51403a|#292120","6' 7'' X  9'10''","",,"","[object Object] [object Object] [object Object] [object Object] [object Object] [object Object] [object Object] [object Object]",active,public
10434,"Cappadocia rug",,,in stock,Wool pile; cotton foundation (fringes cotton),"#783032|#2a232d","#783032|#2a232d","3' 3'' X  9'11''","",,"","[object Object] [object Object] [object Object] [object Object] [object Object]",active,public
10068,"Cappadocia rug",,,in stock,Wool pile; cotton foundation (fringes cotton),"#7e6750|#4d3128","#7e6750|#4d3128","6' 5'' X 10' 3''","",,"","[object Object] [object Object] [object Object] [object Object] [object Object]",active,public
13297,"Cappadocia rug",,,in stock,Wool pile; cotton foundation (fringes cotton),"#baa086|#ab6156","#baa086|#ab6156","4' 0'' X  5' 7''","",,"","[object Object] [object Object] [object Object] [object Object] [object Object] [object Object] [object Object] [object Object] [object Object]",active,public
10278,"Cappadocia rug",,,in stock,Wool pile; cotton foundation (fringes cotton),"#a48370|#d4c2a0","#a48370|#d4c2a0","4' 9'' X  7' 3''","",,"","[object Object] [object Object] [object Object] [object Object] [object Object]",active,public
10431,"Cappadocia rug",,,in stock,Wool pile; cotton foundation (fringes cotton),"#9b2a36|#2d2e3d","#9b2a36|#2d2e3d","3' 2'' X  9' 8''","",,"","[object Object] [object Object] [object Object] [object Object] [object Object]",active,public
10161,"Cappadocia rug",,,in stock,Wool pile; cotton foundation (fringes cotton),"#835741|#822a21","#835741|#822a21","6' 4'' X 10' 1''","",,"","[object Object] [object Object] [object Object] [object Object] [object Object] [object Object] [object Object] [object Object] [object Object] [object Object]",active,public
10114,"Cappadocia rug",,,in stock,Wool pile; cotton foundation (fringes cotton),"#876e5a|#bf9c7b","#876e5a|#bf9c7b","6' 6'' X  9' 6''","",,"","[object Object] [object Object] [object Object] [object Object] [object Object]",active,public
10150,"Cappadocia rug",,,in stock,Wool pile; cotton foundation (fringes cotton),"#8a4442|#9b806f","#8a4442|#9b806f","6' 5'' X  9'10''","",,"","[object Object] [object Object] [object Object] [object Object] [object Object]",active,public
10383,"Cappadocia rug",,,in stock,Wool pile; cotton foundation (fringes cotton),"#59181a|#231b1c","#59181a|#231b1c","2' 8'' X  6' 3''","",,"","[object Object] [object Object] [object Object] [object Object] [object Object]",active,public
10139,"Cappadocia rug",,,in stock,Wool pile; cotton foundation (fringes cotton),"#806b5c|#4c3e36","#806b5c|#4c3e36","6' 5'' X  9' 9''","",,"","[object Object] [object Object] [object Object] [object Object] [object Object]",active,public
10222,"Cappadocia rug",,,in stock,Wool pile; cotton foundation (fringes cotton),"#b09586|#741e21","#b09586|#741e21","5' 1'' X  7' 3''","",,"","[object Object] [object Object] [object Object] [object Object]",active,public
10308,"Cappadocia rug",,,in stock,Wool pile; cotton foundation (fringes cotton),"#9a7461|#d6846b","#9a7461|#d6846b","3'10'' X  5' 9''","",,"","[object Object] [object Object] [object Object] [object Object]",active,public
10201,"Cappadocia rug",,,in stock,Wool pile; cotton foundation (fringes cotton),"#725852|#4c2b30","#725852|#4c2b30","6' 7'' X  9' 4''","",,"","[object Object] [object Object] [object Object] [object Object] [object Object]",active,public
10388,"Cappadocia rug",,,in stock,Wool pile; cotton foundation (fringes cotton),"#31302d|#bca592","#31302d|#bca592","2'11'' X  4' 3''","",,"","[object Object] [object Object] [object Object] [object Object] [object Object] [object Object] [object Object] [object Object] [object Object]",active,public
10205,"Cappadocia rug",,,in stock,Wool pile; cotton foundation (fringes cotton),"#7c5d46|#ac8967","#7c5d46|#ac8967","6' 5'' X  9' 8''","",,"","[object Object] [object Object] [object Object] [object Object] [object Object] [object Object] [object Object] [object Object] [object Object] [object Object]",active,public
10148,"Cappadocia rug",,,in stock,Wool pile; cotton foundation (fringes cotton),"#644a39|#947b5f","#644a39|#947b5f","6' 7'' X  9' 3''","",,"","[object Object] [object Object] [object Object] [object Object] [object Object] [object Object] [object Object]",active,public
10048,"Cappadocia rug",,,in stock,Wool pile; cotton foundation (fringes cotton),"#796050|#af7b67","#796050|#af7b67","6' 6'' X  9' 7''","",,"","[object Object] [object Object] [object Object] [object Object] [object Object]",active,public
10062,"Cappadocia rug",,,in stock,Wool pile; cotton foundation (fringes cotton),"#92745a|#c1ad8a","#92745a|#c1ad8a","6' 9'' X  9' 8''","",,"","[object Object] [object Object] [object Object] [object Object]",active,public
10120,"Cappadocia rug",,,in stock,Wool pile; cotton foundation (fringes cotton),"#745943|#4a2a1d","#745943|#4a2a1d","6' 7'' X  9' 7''","",,"","[object Object] [object Object] [object Object] [object Object] [object Object]",active,public
10212,"Cappadocia rug",,,in stock,Wool pile; cotton foundation (fringes cotton),"#a97d6f|#6f594f","#a97d6f|#6f594f","6' 3'' X  9'10''","",,"","[object Object] [object Object] [object Object] [object Object] [object Object] [object Object] [object Object] [object Object] [object Object] [object Object]",active,public
10123,"Cappadocia rug",,,in stock,Wool pile; cotton foundation (fringes cotton),"#735b47|#998463","#735b47|#998463","6' 7'' X  9' 8''","",,"","[object Object] [object Object] [object Object] [object Object] [object Object]",active,public
10398,"Cappadocia rug",,,in stock,Wool pile; cotton foundation (fringes cotton),"#745145|#262430","#745145|#262430","2'11'' X  4' 3''","",,"","[object Object] [object Object] [object Object] [object Object]",active,public
10174,"Cappadocia rug",,,in stock,Wool pile; cotton foundation (fringes cotton),"#817465|#ac9381","#817465|#ac9381","6' 7'' X 10' 2''","",,"","[object Object] [object Object] [object Object] [object Object] [object Object] [object Object] [object Object] [object Object] [object Object] [object Object]",active,public
13296,"Cappadocia rug",,,in stock,Wool pile; cotton foundation (fringes cotton),"#623f38|#8b755d","#623f38|#8b755d","4' 9'' X  7' 2''","",,"","[object Object] [object Object] [object Object] [object Object] [object Object] [object Object] [object Object] [object Object] [object Object]",active,public
10288,"Cappadocia rug",,,in stock,Wool pile; cotton foundation (fringes cotton),"#181719|#ab8c79","#181719|#ab8c79","4' 8'' X  7' 2''","",,"","[object Object] [object Object] [object Object] [object Object]",active,public
10259,"Cappadocia rug",,,in stock,Wool pile; cotton foundation (fringes cotton),"#956e58|#cd9474","#956e58|#cd9474","4'11'' X  7' 2''","",,"","[object Object] [object Object] [object Object] [object Object] [object Object]",active,public
10155,"Cappadocia rug",,,in stock,Wool pile; cotton foundation (fringes cotton),"#78373a|#907760","#78373a|#907760","6' 7'' X  9'10''","",,"","[object Object] [object Object] [object Object] [object Object] [object Object]",active,public
10034,"Cappadocia rug",,,in stock,Wool pile; cotton foundation (fringes cotton),"#866661|#672834","#866661|#672834","6' 7'' X  9' 7''","",,"","[object Object] [object Object] [object Object] [object Object]",active,public
10403,"Cappadocia rug",,,in stock,Wool pile; cotton foundation (fringes cotton),"#9d745f|#ce9877","#9d745f|#ce9877","7' 4'' X 11' 1''","",,"","[object Object] [object Object] [object Object] [object Object] [object Object]",active,public
13758,"Cappadocia rug",,,in stock,Wool pile; cotton foundation (fringes cotton),"#7c605e|#7e96a1","#7c605e|#7e96a1","3'10'' X  6' 0''","",,"","[object Object] [object Object] [object Object] [object Object]",active,public
10188,"Cappadocia rug",,,in stock,Wool pile; cotton foundation (fringes cotton),"#6d4d4e|#91777c","#6d4d4e|#91777c","6' 5'' X  9'10''","",,"","[object Object] [object Object] [object Object] [object Object] [object Object] [object Object] [object Object]",active,public
10010,"Cappadocia rug",,,in stock,Wool pile; cotton foundation (fringes cotton),"#776350|#a4896a","#776350|#a4896a","6' 6'' X  9' 4''","",,"","[object Object] [object Object] [object Object] [object Object] [object Object]",active,public
10160,"Cappadocia rug",,,in stock,Wool pile; cotton foundation (fringes cotton),"#6e5042|#171620","#6e5042|#171620","6' 5'' X  9' 6''","",,"","[object Object] [object Object] [object Object] [object Object] [object Object]",active,public
10245,"Cappadocia rug",,,in stock,Wool pile; cotton foundation (fringes cotton),"#673e41|#8d766a","#673e41|#8d766a","4'10'' X  7' 3''","",,"","[object Object] [object Object] [object Object] [object Object] [object Object] [object Object] [object Object] [object Object] [object Object]",active,public
15237,"Cappadocia rug",,,in stock,Wool pile; cotton foundation (fringes cotton),"#866c55|#513228","#866c55|#513228","6' 6'' X  9' 6''","",,"","[object Object] [object Object] [object Object] [object Object] [object Object] [object Object] [object Object] [object Object] [object Object]",active,public
10052,"Cappadocia rug",,,in stock,Wool pile; cotton foundation (fringes cotton),"#694e43|#671115","#694e43|#671115","6' 6'' X  9' 8''","",,"","[object Object] [object Object] [object Object] [object Object] [object Object]",active,public
10047,"Cappadocia rug",,,in stock,Wool pile; cotton foundation (fringes cotton),"#6c5238|#a38359","#6c5238|#a38359","6' 8'' X  9'10''","",,"","[object Object] [object Object] [object Object] [object Object] [object Object] [object Object]",active,public
10209,"Cappadocia rug",,,in stock,Wool pile; cotton foundation (fringes cotton),"#725645|#5d1d1c","#725645|#5d1d1c","6' 6'' X  9' 1''","",,"","[object Object] [object Object] [object Object] [object Object] [object Object]",active,public
10076,"Cappadocia rug",,,in stock,Wool pile; cotton foundation (fringes cotton),"#715640|#a4815d","#715640|#a4815d","6' 5'' X  9' 8''","",,"","[object Object] [object Object] [object Object] [object Object] [object Object] [object Object] [object Object]",active,public
15356,"Cappadocia rug",,,in stock,Wool pile; cotton foundation (fringes cotton),"#8f7669|#c9a08e","#8f7669|#c9a08e","3'11'' X  5' 5''","",,"","[object Object] [object Object] [object Object] [object Object]",active,public
10210,"Cappadocia rug",,,in stock,Wool pile; cotton foundation (fringes cotton),"#886c5a|#bd967c","#886c5a|#bd967c","6' 5'' X  9' 9''","",,"","[object Object] [object Object] [object Object] [object Object] [object Object]",active,public
10107,"Cappadocia rug",,,in stock,Wool pile; cotton foundation (fringes cotton),"#805d48|#66291d","#805d48|#66291d","6' 7'' X  9'11''","",,"","[object Object] [object Object] [object Object] [object Object] [object Object] [object Object] [object Object] [object Object] [object Object]",active,public
10200,"Cappadocia rug",,,in stock,Wool pile; cotton foundation (fringes cotton),"#8b3739|#907166","#8b3739|#907166","6' 7'' X  9'10''","",,"","[object Object] [object Object] [object Object] [object Object] [object Object]",active,public
14479,"Cappadocia rug",,,in stock,Wool pile; cotton foundation (fringes cotton),"#816a57|#563b2e","#816a57|#563b2e","7' 9'' X 11' 9''","",,"","[object Object] [object Object] [object Object] [object Object]",active,public
10173,"Cappadocia rug",,,in stock,Wool pile; cotton foundation (fringes cotton),"#774537|#a75440","#774537|#a75440","6' 5'' X  9' 8''","",,"","[object Object] [object Object] [object Object] [object Object] [object Object]",active,public
10418,"Cappadocia rug",,,in stock,Wool pile; cotton foundation (fringes cotton),"#ab8262|#d8b78d","#ab8262|#d8b78d","8' 3'' X 13' 4''","",,"","[object Object] [object Object] [object Object] [object Object]",active,public
10342,"Cappadocia rug",,,in stock,Wool pile; cotton foundation (fringes cotton),"#7e6156|#b68977","#7e6156|#b68977","3' 9'' X  5'10''","",,"","[object Object] [object Object] [object Object] [object Object] [object Object] [object Object] [object Object] [object Object] [object Object]",active,public
10392,"Cappadocia rug",,,in stock,Wool pile; cotton foundation (fringes cotton),"#b48182|#636b7f","#b48182|#636b7f","2'10'' X  4' 3''","",,"","[object Object] [object Object] [object Object] [object Object] [object Object] [object Object] [object Object] [object Object]",active,public
10134,"Cappadocia rug",,,in stock,Wool pile; cotton foundation (fringes cotton),"#907869|#c08b79","#907869|#c08b79","7' 1'' X 10'11''","",,"","[object Object] [object Object] [object Object] [object Object] [object Object]",active,public
10096,"Cappadocia rug",,,in stock,Wool pile; cotton foundation (fringes cotton),"#705547|#482220","#705547|#482220","6' 6'' X  9' 7''","",,"","[object Object] [object Object] [object Object] [object Object] [object Object]",active,public
10185,"Cappadocia rug",,,in stock,Wool pile; cotton foundation (fringes cotton),"#89695b|#502a2e","#89695b|#502a2e","6' 5'' X  9' 5''","",,"","[object Object] [object Object] [object Object] [object Object] [object Object] [object Object]",active,public
10112,"Cappadocia rug",,,in stock,Wool pile; cotton foundation (fringes cotton),"#5a2d30|#8b5550","#5a2d30|#8b5550","6' 6'' X  9' 9''","",,"","[object Object] [object Object] [object Object] [object Object] [object Object] [object Object] [object Object]",active,public
10373,"Cappadocia rug",,,in stock,Wool pile; cotton foundation (fringes cotton),"#8d6350|#622821","#8d6350|#622821","4' 0'' X  6' 1''","",,"","[object Object] [object Object] [object Object] [object Object] [object Object] [object Object] [object Object] [object Object] [object Object]",active,public
10285,"Cappadocia rug",,,in stock,Wool pile; cotton foundation (fringes cotton),"#936f5c|#c69a79","#936f5c|#c69a79","4'10'' X  7' 1''","",,"","[object Object] [object Object] [object Object] [object Object] [object Object]",active,public
10242,"Cappadocia rug",,,in stock,Wool pile; cotton foundation (fringes cotton),"#8a654f|#8c1c24","#8a654f|#8c1c24","4'10'' X  7' 1''","",,"","[object Object] [object Object] [object Object] [object Object] [object Object]",active,public
10145,"Cappadocia rug",,,in stock,Wool pile; cotton foundation (fringes cotton),"#785c4e|#b5847b","#785c4e|#b5847b","6' 6'' X  9'11''","",,"","[object Object] [object Object] [object Object] [object Object] [object Object]",active,public
10165,"Cappadocia rug",,,in stock,Wool pile; cotton foundation (fringes cotton),"#a98260|#d2ba85","#a98260|#d2ba85","6' 6'' X  9' 9''","",,"","[object Object] [object Object] [object Object] [object Object] [object Object]",active,public
10390,"Cappadocia rug",,,in stock,Wool pile; cotton foundation (fringes cotton),"#b08357|#d98f6f","#b08357|#d98f6f","2' 8'' X  5' 0''","",,"","[object Object] [object Object] [object Object] [object Object]",active,public
10257,"Cappadocia rug",,,in stock,Wool pile; cotton foundation (fringes cotton),"#774542|#987e69","#774542|#987e69","4'10'' X  7' 3''","",,"","[object Object] [object Object] [object Object] [object Object] [object Object]",active,public
10345,"Cappadocia rug",,,in stock,Wool pile; cotton foundation (fringes cotton),"#ac7568|#b9a59e","#ac7568|#b9a59e","3'10'' X  5' 9''","",,"","[object Object] [object Object] [object Object] [object Object]",active,public
10226,"Cappadocia rug",,,in stock,Wool pile; cotton foundation (fringes cotton),"#966651|#d5b788","#966651|#d5b788","4' 8'' X  7' 2''","",,"","[object Object] [object Object] [object Object] [object Object] [object Object]",active,public
10311,"Cappadocia rug",,,in stock,Wool pile; cotton foundation (fringes cotton),"#74594a|#4b211e","#74594a|#4b211e","3'11'' X  5'10''","",,"","[object Object] [object Object] [object Object] [object Object] [object Object] [object Object] [object Object]",active,public
10024,"Cappadocia rug",,,in stock,Wool pile; cotton foundation (fringes cotton),"#886b54|#5e392f","#886b54|#5e392f","6' 4'' X  9' 9''","",,"","[object Object] [object Object] [object Object] [object Object] [object Object]",active,public
10305,"Cappadocia rug",,,in stock,Wool pile; cotton foundation (fringes cotton),"#9b7966|#cea589","#9b7966|#cea589","3'10'' X  6' 2''","",,"","[object Object] [object Object] [object Object] [object Object]",active,public
10364,"Cappadocia rug",,,in stock,Wool pile; cotton foundation (fringes cotton),"#9d8873|#814044","#9d8873|#814044","4' 1'' X  5' 9''","",,"","[object Object] [object Object] [object Object] [object Object] [object Object] [object Object] [object Object] [object Object] [object Object]",active,public
10394,"Cappadocia rug",,,in stock,Wool pile; cotton foundation (fringes cotton),"#2c312f|#ad958b","#2c312f|#ad958b","2' 6'' X  4' 6''","",,"","[object Object] [object Object] [object Object] [object Object] [object Object] [object Object] [object Object] [object Object] [object Object]",active,public
16533,"Cappadocia rug",,,in stock,Wool pile; cotton foundation (fringes cotton),"#6a4f38|#381915","#6a4f38|#381915","8' 3'' X 11' 7''","",,"","[object Object] [object Object] [object Object] [object Object] [object Object] [object Object] [object Object] [object Object] [object Object]",active,public
10184,"Cappadocia rug",,,in stock,Wool pile; cotton foundation (fringes cotton),"#825a48|#552222","#825a48|#552222","6' 4'' X  9' 8''","",,"","[object Object] [object Object] [object Object] [object Object] [object Object]",active,public
10265,"Cappadocia rug",,,in stock,Wool pile; cotton foundation (fringes cotton),"#855542|#8a191f","#855542|#8a191f","4'11'' X  7' 4''","",,"","[object Object] [object Object] [object Object] [object Object] [object Object]",active,public
10382,"Cappadocia rug",,,in stock,Wool pile; cotton foundation (fringes cotton),"#6c2826|#7c6550","#6c2826|#7c6550","3' 2'' X  6' 2''","",,"","[object Object] [object Object] [object Object] [object Object] [object Object]",active,public
10137,"Cappadocia rug",,,in stock,Wool pile; cotton foundation (fringes cotton),"#84634a|#b68a63","#84634a|#b68a63","6' 7'' X  9' 9''","",,"","[object Object] [object Object] [object Object] [object Object] [object Object] [object Object] [object Object] [object Object]",active,public
16523,"Cappadocia rug",,,in stock,Wool pile; cotton foundation (fringes cotton),"#90434d|#a18177","#90434d|#a18177","8' 4'' X 11' 8''","",,"","[object Object] [object Object] [object Object] [object Object]",active,public
10318,"Cappadocia rug",,,in stock,Wool pile; cotton foundation (fringes cotton),"#9e7c6f|#1e1d20","#9e7c6f|#1e1d20","3' 9'' X  6' 1''","",,"","[object Object] [object Object] [object Object] [object Object]",active,public
10197,"Cappadocia rug",,,in stock,Wool pile; cotton foundation (fringes cotton),"#796351|#a4846b","#796351|#a4846b","6' 8'' X  9' 7''","",,"","[object Object] [object Object] [object Object] [object Object] [object Object]",active,public
10267,"Cappadocia rug",,,in stock,Wool pile; cotton foundation (fringes cotton),"#936551|#c6936b","#936551|#c6936b","4' 9'' X  7' 3''","",,"","[object Object] [object Object] [object Object] [object Object] [object Object]",active,public
10436,"Cappadocia rug",,,in stock,Wool pile; cotton foundation (fringes cotton),"#94725f|#553022","#94725f|#553022","2' 9'' X  9'11''","",,"","[object Object] [object Object] [object Object] [object Object] [object Object]",active,public
10118,"Cappadocia rug",,,in stock,Wool pile; cotton foundation (fringes cotton),"#7c5f49|#562818","#7c5f49|#562818","6'10'' X  9' 6''","",,"","[object Object] [object Object] [object Object] [object Object]",active,public
10016,"Cappadocia rug",,,in stock,Wool pile; cotton foundation (fringes cotton),"#5b2e25|#796450","#5b2e25|#796450","6' 7'' X  9' 7''","",,"","[object Object] [object Object] [object Object] [object Object] [object Object]",active,public
10085,"Cappadocia rug",,,in stock,Wool pile; cotton foundation (fringes cotton),"#846850|#563329","#846850|#563329","6' 2'' X  9' 7''","",,"","[object Object] [object Object] [object Object] [object Object] [object Object] [object Object] [object Object] [object Object] [object Object] [object Object]",active,public
10106,"Cappadocia rug",,,in stock,Wool pile; cotton foundation (fringes cotton),"#8b6851|#c9906f","#8b6851|#c9906f","6' 4'' X 10' 0''","",,"","[object Object] [object Object] [object Object] [object Object]",active,public
10283,"Cappadocia rug",,,in stock,Wool pile; cotton foundation (fringes cotton),"#ab8a6d|#d7c197","#ab8a6d|#d7c197","4'11'' X  7' 0''","",,"","[object Object] [object Object] [object Object] [object Object] [object Object]",active,public
10375,"Cappadocia rug",,,in stock,Wool pile; cotton foundation (fringes cotton),"#7a514c|#7b1821","#7a514c|#7b1821","3'11'' X  5' 9''","",,"","[object Object] [object Object] [object Object] [object Object] [object Object] [object Object] [object Object] [object Object] [object Object]",active,public
10167,"Cappadocia rug",,,in stock,Wool pile; cotton foundation (fringes cotton),"#553d32|#1f2325","#553d32|#1f2325","6' 6'' X  9'10''","",,"","[object Object] [object Object] [object Object] [object Object] [object Object]",active,public
10097,"Cappadocia rug",,,in stock,Wool pile; cotton foundation (fringes cotton),"#8e604b|#5f2a21","#8e604b|#5f2a21","6' 6'' X 10' 3''","",,"","[object Object] [object Object] [object Object] [object Object] [object Object]",active,public
10291,"Cappadocia rug",,,in stock,Wool pile; cotton foundation (fringes cotton),"#aa816a|#c9b3a4","#aa816a|#c9b3a4","3' 1'' X  5' 8''","",,"","[object Object] [object Object] [object Object] [object Object]",active,public
10103,"Cappadocia rug",,,in stock,Wool pile; cotton foundation (fringes cotton),"#885a49|#c0755a","#885a49|#c0755a","6' 4'' X  9' 7''","",,"","[object Object] [object Object] [object Object] [object Object] [object Object]",active,public
10227,"Cappadocia rug",,,in stock,Wool pile; cotton foundation (fringes cotton),"#957660|#cd9876","#957660|#cd9876","5' 0'' X  7' 2''","",,"","[object Object] [object Object] [object Object] [object Object] [object Object]",active,public
14443,"Cappadocia rug",,,in stock,Wool pile; cotton foundation (fringes cotton),"#97765e|#62372e","#97765e|#62372e","6' 5'' X 10' 0''","",,"","[object Object] [object Object] [object Object] [object Object] [object Object] [object Object] [object Object] [object Object]",active,public
10438,"Cappadocia rug",,,in stock,Wool pile; cotton foundation (fringes cotton),"#60322f|#897367","#60322f|#897367","3' 2'' X  9' 9''","",,"","[object Object] [object Object] [object Object] [object Object] [object Object]",active,public
10281,"Cappadocia rug",,,in stock,Wool pile; cotton foundation (fringes cotton),"#8d8072|#b4ac95","#8d8072|#b4ac95","6' 4'' X  6' 7''","",,"","[object Object] [object Object] [object Object] [object Object]",active,public
10225,"Cappadocia rug",,,in stock,Wool pile; cotton foundation (fringes cotton),"#855f48|#5c281f","#855f48|#5c281f","4' 7'' X  6'10''","",,"","[object Object] [object Object] [object Object] [object Object] [object Object] [object Object] [object Object] [object Object] [object Object] [object Object]",active,public
10271,"Cappadocia rug",,,in stock,Wool pile; cotton foundation (fringes cotton),"#a68d6d|#d8c398","#a68d6d|#d8c398","4'11'' X  7' 2''","",,"","[object Object] [object Object] [object Object] [object Object] [object Object]",active,public
10133,"Cappadocia rug",,,in stock,Wool pile; cotton foundation (fringes cotton),"#835d44|#653025","#835d44|#653025","6' 5'' X 10' 3''","",,"","[object Object] [object Object] [object Object] [object Object] [object Object]",active,public
10087,"Cappadocia rug",,,in stock,Wool pile; cotton foundation (fringes cotton),"#6f4f37|#9d714d","#6f4f37|#9d714d","6' 6'' X  9' 7''","",,"","[object Object] [object Object] [object Object] [object Object] [object Object]",active,public
15081,"Cappadocia rug",,,in stock,Wool pile; cotton foundation (fringes cotton),"#837268|#a39588","#837268|#a39588","5' 0'' X  7' 0''","",,"","[object Object] [object Object] [object Object] [object Object] [object Object]",active,public
10261,"Cappadocia rug",,,in stock,Wool pile; cotton foundation (fringes cotton),"#937e70|#bca28e","#937e70|#bca28e","4'11'' X  6' 9''","",,"","[object Object] [object Object] [object Object] [object Object] [object Object]",active,public
10189,"Cappadocia rug",,,in stock,Wool pile; cotton foundation (fringes cotton),"#7f604b|#3f322a","#7f604b|#3f322a","6' 6'' X 10' 0''","",,"","[object Object] [object Object] [object Object] [object Object] [object Object]",active,public
10250,"Cappadocia rug",,,in stock,Wool pile; cotton foundation (fringes cotton),"#745247|#2e2a2b","#745247|#2e2a2b","5' 0'' X  7' 4''","",,"","[object Object] [object Object] [object Object] [object Object] [object Object] [object Object] [object Object] [object Object] [object Object]",active,public
10029,"Cappadocia rug",,,in stock,Wool pile; cotton foundation (fringes cotton),"#7c5e46|#4a221d","#7c5e46|#4a221d","6' 5'' X  9' 7''","",,"","[object Object] [object Object] [object Object] [object Object] [object Object]",active,public
10072,"Cappadocia rug",,,in stock,Wool pile; cotton foundation (fringes cotton),"#7a6053|#a7948c","#7a6053|#a7948c","6' 6'' X  9' 6''","",,"","[object Object] [object Object] [object Object] [object Object] [object Object]",active,public
10056,"Cappadocia rug",,,in stock,Wool pile; cotton foundation (fringes cotton),"#745c53|#a68173","#745c53|#a68173","6' 4'' X  9' 8''","",,"","[object Object] [object Object] [object Object] [object Object]",active,public
10277,"Cappadocia rug",,,in stock,Wool pile; cotton foundation (fringes cotton),"#7c3738|#927665","#7c3738|#927665","4'10'' X  7' 3''","",,"","[object Object] [object Object] [object Object] [object Object] [object Object]",active,public
10350,"Cappadocia rug",,,in stock,Wool pile; cotton foundation (fringes cotton),"#ae6b5f|#735653","#ae6b5f|#735653","4' 0'' X  5' 8''","",,"","[object Object] [object Object] [object Object] [object Object]",active,public
10224,"Cappadocia rug",,,in stock,Wool pile; cotton foundation (fringes cotton),"#876051|#ce916e","#876051|#ce916e","4'10'' X  7' 1''","",,"","[object Object] [object Object] [object Object] [object Object] [object Object]",active,public
13017,"Cappadocia rug",,,in stock,Wool pile; cotton foundation (fringes cotton),"#8b6249|#bc9171","#8b6249|#bc9171","4'11'' X  7' 9''","",,"","[object Object] [object Object] [object Object] [object Object] [object Object]",active,public
10156,"Cappadocia rug",,,in stock,Wool pile; cotton foundation (fringes cotton),"#705949|#541d21","#705949|#541d21","6' 5'' X  9' 7''","",,"","[object Object] [object Object] [object Object] [object Object] [object Object]",active,public
10164,"Cappadocia rug",,,in stock,Wool pile; cotton foundation (fringes cotton),"#673433|#856e60","#673433|#856e60","6' 5'' X  9' 9''","",,"","[object Object] [object Object] [object Object] [object Object]",active,public
10216,"Cappadocia rug",,,in stock,Wool pile; cotton foundation (fringes cotton),"#997b6c|#cea08a","#997b6c|#cea08a","4'10'' X  7' 7''","",,"","[object Object] [object Object] [object Object] [object Object]",active,public
11601,"Cappadocia rug",,,in stock,Wool pile; cotton foundation (fringes cotton),"#936659|#732721","#936659|#732721","3'10'' X  6' 0''","",,"","[object Object] [object Object] [object Object] [object Object]",active,public
10255,"Cappadocia rug",,,in stock,Wool pile; cotton foundation (fringes cotton),"#806958|#aa9c81","#806958|#aa9c81","4'10'' X  7' 2''","",,"","[object Object] [object Object] [object Object] [object Object] [object Object]",active,public
10090,"Cappadocia rug",,,in stock,Wool pile; cotton foundation (fringes cotton),"#907466|#b5a88e","#907466|#b5a88e","6' 5'' X  9' 8''","",,"","[object Object] [object Object] [object Object] [object Object] [object Object]",active,public
10302,"Cappadocia rug",,,in stock,Wool pile; cotton foundation (fringes cotton),"#9a846a|#e0d0b0","#9a846a|#e0d0b0","3'11'' X  6' 0''","",,"","[object Object] [object Object] [object Object] [object Object]",active,public
10078,"Cappadocia rug",,,in stock,Wool pile; cotton foundation (fringes cotton),"#85705b|#b6a683","#85705b|#b6a683","6' 6'' X  9' 7''","",,"","[object Object] [object Object] [object Object] [object Object] [object Object] [object Object] [object Object]",active,public
10284,"Cappadocia rug",,,in stock,Wool pile; cotton foundation (fringes cotton),"#897463|#baad92","#897463|#baad92","4'10'' X  7' 0''","",,"","[object Object] [object Object] [object Object] [object Object] [object Object]",active,public
10220,"Cappadocia rug",,,in stock,Wool pile; cotton foundation (fringes cotton),"#7d624a|#4c2c1e","#7d624a|#4c2c1e","5' 0'' X  7' 5''","",,"","[object Object] [object Object] [object Object] [object Object] [object Object]",active,public
10074,"Cappadocia rug",,,in stock,Wool pile; cotton foundation (fringes cotton),"#6a5245|#40201c","#6a5245|#40201c","6' 7'' X 10' 6''","",,"","[object Object] [object Object] [object Object] [object Object] [object Object]",active,public
10004,"Cappadocia rug",,,in stock,Wool pile; cotton foundation (fringes cotton),"#7d6459|#b89282","#7d6459|#b89282","6' 5'' X  9' 6''","",,"","[object Object] [object Object] [object Object] [object Object] [object Object] [object Object] [object Object]",active,public
10042,"Cappadocia rug",,,in stock,Wool pile; cotton foundation (fringes cotton),"#624c41|#3e1718","#624c41|#3e1718","6' 6'' X  9'10''","",,"","[object Object] [object Object] [object Object] [object Object] [object Object] [object Object] [object Object]",active,public
10199,"Cappadocia rug",,,in stock,Wool pile; cotton foundation (fringes cotton),"#7d6151|#5d2b2c","#7d6151|#5d2b2c","6' 7'' X  9'10''","",,"","[object Object] [object Object] [object Object] [object Object]",active,public
10176,"Cappadocia rug",,,in stock,Wool pile; cotton foundation (fringes cotton),"#8c6e50|#b8a585","#8c6e50|#b8a585","6' 5'' X  9' 7''","",,"","[object Object] [object Object] [object Object] [object Object]",active,public
10327,"Cappadocia rug",,,in stock,Wool pile; cotton foundation (fringes cotton),"#ae8479|#6a5750","#ae8479|#6a5750","3' 9'' X  5'10''","",,"","[object Object] [object Object] [object Object] [object Object]",active,public
10424,"Cappadocia rug",,,in stock,Wool pile; cotton foundation (fringes cotton),"#795b48|#b27d56","#795b48|#b27d56","8' 1'' X 11' 9''","",,"","[object Object] [object Object] [object Object] [object Object]",active,public
10207,"Cappadocia rug",,,in stock,Wool pile; cotton foundation (fringes cotton),"#7c5f52|#ad7d6b","#7c5f52|#ad7d6b","6' 1'' X  9' 8''","",,"","[object Object] [object Object] [object Object] [object Object] [object Object]",active,public
10026,"Cappadocia rug",,,in stock,Wool pile; cotton foundation (fringes cotton),"#654334|#907459","#654334|#907459","6' 5'' X 10' 2''","",,"","[object Object] [object Object] [object Object] [object Object] [object Object]",active,public
10013,"Cappadocia rug",,,in stock,Wool pile; cotton foundation (fringes cotton),"#5d3628|#17100f","#5d3628|#17100f","6' 7'' X  9' 7''","",,"","[object Object] [object Object] [object Object] [object Object] [object Object]",active,public
10035,"Cappadocia rug",,,in stock,Wool pile; cotton foundation (fringes cotton),"#875d44|#532219","#875d44|#532219","6' 5'' X  9' 7''","",,"","[object Object] [object Object] [object Object] [object Object] [object Object]",active,public
10127,"Cappadocia rug",,,in stock,Wool pile; cotton foundation (fringes cotton),"#644d44|#192125","#644d44|#192125","6' 6'' X  9' 3''","",,"","[object Object] [object Object] [object Object] [object Object] [object Object]",active,public
16390,"Cappadocia rug",,,in stock,Wool pile; cotton foundation (fringes cotton),"#715251|#2a4a50","#715251|#2a4a50","3' 0'' X  4' 3''","",,"","[object Object] [object Object] [object Object] [object Object]",active,public
10472,"Cappadocia rug",,,in stock,Wool pile; cotton foundation (fringes cotton),"#c0aa8b|#8f806e","#c0aa8b|#8f806e","2'10'' X  6' 1''","",,"","[object Object] [object Object] [object Object] [object Object] [object Object]",active,public
10109,"Cappadocia rug",,,in stock,Wool pile; cotton foundation (fringes cotton),"#7d5e4e|#3f2424","#7d5e4e|#3f2424","6' 6'' X  9' 7''","",,"","[object Object] [object Object] [object Object] [object Object] [object Object]",active,public
10059,"Cappadocia rug",,,in stock,Wool pile; cotton foundation (fringes cotton),"#976e5c|#5e5341","#976e5c|#5e5341","6' 6'' X  9' 7''","",,"","[object Object] [object Object] [object Object] [object Object] [object Object]",active,public
10131,"Cappadocia rug",,,in stock,Wool pile; cotton foundation (fringes cotton),"#947d69|#b7a78a","#947d69|#b7a78a","6' 7'' X 10' 4''","",,"","[object Object] [object Object] [object Object] [object Object] [object Object]",active,public
10252,"Cappadocia rug",,,in stock,Wool pile; cotton foundation (fringes cotton),"#8b6c54|#5f3126","#8b6c54|#5f3126","4' 9'' X  7' 4''","",,"","[object Object] [object Object] [object Object] [object Object] [object Object]",active,public
10140,"Cappadocia rug",,,in stock,Wool pile; cotton foundation (fringes cotton),"#765a4a|#601d21","#765a4a|#601d21","6' 3'' X  9' 9''","",,"","[object Object] [object Object] [object Object] [object Object] [object Object]",active,public
10241,"Cappadocia rug",,,in stock,Wool pile; cotton foundation (fringes cotton),"#8d6951|#c89069","#8d6951|#c89069","4'10'' X  7' 5''","",,"","[object Object] [object Object] [object Object] [object Object] [object Object]",active,public
10381,"Cappadocia rug",,,in stock,Wool pile; cotton foundation (fringes cotton),"#6d4f40|#78131a","#6d4f40|#78131a","3' 0'' X  6' 2''","",,"","[object Object] [object Object] [object Object] [object Object] [object Object]",active,public
10221,"Cappadocia rug",,,in stock,Wool pile; cotton foundation (fringes cotton),"#7a4e3c|#511b15","#7a4e3c|#511b15","4' 6'' X  6' 8''","",,"","[object Object] [object Object] [object Object] [object Object] [object Object]",active,public
10246,"Cappadocia rug",,,in stock,Wool pile; cotton foundation (fringes cotton),"#8a534b|#742329","#8a534b|#742329","5' 0'' X  7' 1''","",,"","[object Object] [object Object] [object Object] [object Object] [object Object]",active,public
10442,"Cappadocia rug",,,in stock,Wool pile; cotton foundation (fringes cotton),"#7a5548|#871818","#7a5548|#871818","3' 1'' X  6' 2''","",,"","[object Object] [object Object] [object Object] [object Object] [object Object]",active,public
10108,"Cappadocia rug",,,in stock,Wool pile; cotton foundation (fringes cotton),"#8c6953|#c89979","#8c6953|#c89979","6' 9'' X 10' 4''","",,"","[object Object] [object Object] [object Object] [object Object] [object Object] [object Object] [object Object]",active,public
10280,"Cappadocia rug",,,in stock,Wool pile; cotton foundation (fringes cotton),"#816559|#543227","#816559|#543227","4' 9'' X  7' 3''","",,"","[object Object] [object Object] [object Object] [object Object] [object Object]",active,public
10091,"Cappadocia rug",,,in stock,Wool pile; cotton foundation (fringes cotton),"#7c5641|#161824","#7c5641|#161824","6' 8'' X  9' 8''","",,"","[object Object] [object Object] [object Object] [object Object] [object Object]",active,public
10098,"Cappadocia rug",,,in stock,Wool pile; cotton foundation (fringes cotton),"#74604e|#462828","#74604e|#462828","6' 7'' X 10' 2''","",,"","[object Object] [object Object] [object Object] [object Object] [object Object] [object Object] [object Object]",active,public
10204,"Cappadocia rug",,,in stock,Wool pile; cotton foundation (fringes cotton),"#7d5e47|#b8845b","#7d5e47|#b8845b","6' 4'' X  9'10''","",,"","[object Object] [object Object] [object Object] [object Object] [object Object]",active,public
10105,"Cappadocia rug",,,in stock,Wool pile; cotton foundation (fringes cotton),"#785946|#63271f","#785946|#63271f","6' 4'' X  9' 6''","",,"","[object Object] [object Object] [object Object] [object Object] [object Object]",active,public
10407,"Cappadocia rug",,,in stock,Wool pile; cotton foundation (fringes cotton),"#8d664f|#4f3c2f","#8d664f|#4f3c2f","8' 5'' X 12'10''","",,"","[object Object] [object Object] [object Object] [object Object] [object Object]",active,public
10116,"Cappadocia rug",,,in stock,Wool pile; cotton foundation (fringes cotton),"#7e634a|#4d281d","#7e634a|#4d281d","6' 7'' X  9' 8''","",,"","[object Object] [object Object] [object Object] [object Object] [object Object]",active,public
10014,"Cappadocia rug",,,in stock,Wool pile; cotton foundation (fringes cotton),"#75563e|#ae865f","#75563e|#ae865f","6' 7'' X  9' 8''","",,"","[object Object] [object Object] [object Object] [object Object] [object Object] [object Object] [object Object]",active,public
10117,"Cappadocia rug",,,in stock,Wool pile; cotton foundation (fringes cotton),"#6e4d40|#a99375","#6e4d40|#a99375","6' 6'' X 10' 2''","",,"","[object Object] [object Object] [object Object] [object Object] [object Object]",active,public
10217,"Cappadocia rug",,,in stock,Wool pile; cotton foundation (fringes cotton),"#8d3f3f|#9e8877","#8d3f3f|#9e8877","5' 1'' X  7' 6''","",,"","[object Object] [object Object] [object Object] [object Object]",active,public
10306,"Cappadocia rug",,,in stock,Wool pile; cotton foundation (fringes cotton),"#ab8674|#c8aca4","#ab8674|#c8aca4","4' 3'' X  5' 8''","",,"","[object Object] [object Object] [object Object] [object Object]",active,public
10218,"Cappadocia rug",,,in stock,Wool pile; cotton foundation (fringes cotton),"#8c6150|#c0886d","#8c6150|#c0886d","4' 8'' X  6' 8''","",,"","[object Object] [object Object] [object Object] [object Object] [object Object]",active,public
16450,"Cappadocia rug",,,in stock,Wool pile; cotton foundation (fringes cotton),"#845f4e|#7d191f","#845f4e|#7d191f","6' 5'' X 10' 0''","",,"","[object Object] [object Object] [object Object] [object Object] [object Object]",active,public
10041,"Cappadocia rug",,,in stock,Wool pile; cotton foundation (fringes cotton),"#7b614e|#ad896e","#7b614e|#ad896e","6' 7'' X 10' 0''","",,"","[object Object] [object Object] [object Object] [object Object] [object Object]",active,public
10331,"Cappadocia rug",,,in stock,Wool pile; cotton foundation (fringes cotton),"#794933|#a17c59","#794933|#a17c59","4' 0'' X  6' 1''","",,"","[object Object] [object Object] [object Object] [object Object]",active,public
10269,"Cappadocia rug",,,in stock,Wool pile; cotton foundation (fringes cotton),"#95624f|#c48a67","#95624f|#c48a67","4' 9'' X  7' 1''","",,"","[object Object] [object Object] [object Object] [object Object] [object Object]",active,public
10020,"Cappadocia rug",,,in stock,Wool pile; cotton foundation (fringes cotton),"#916c56|#773427","#916c56|#773427","6' 6'' X  9' 9''","",,"","[object Object] [object Object] [object Object] [object Object] [object Object]",active,public
10006,"Cappadocia rug",,,in stock,Wool pile; cotton foundation (fringes cotton),"#654939|#8a6f52","#654939|#8a6f52","6' 6'' X 10' 1''","",,"","[object Object] [object Object] [object Object] [object Object] [object Object] [object Object] [object Object]",active,public
10441,"Cappadocia rug",,,in stock,Wool pile; cotton foundation (fringes cotton),"#7b4b40|#323435","#7b4b40|#323435","3' 0'' X  6' 2''","",,"","[object Object] [object Object] [object Object] [object Object]",active,public
10211,"Cappadocia rug",,,in stock,Wool pile; cotton foundation (fringes cotton),"#8d6c59|#6b3933","#8d6c59|#6b3933","6' 7'' X  9'10''","",,"","[object Object] [object Object] [object Object] [object Object] [object Object]",active,public
15198,"Cappadocia rug",,,in stock,Wool pile; cotton foundation (fringes cotton),"#7d4f4b|#6b161b","#7d4f4b|#6b161b","4'11'' X  7' 2''","",,"","[object Object] [object Object] [object Object] [object Object]",active,public
10095,"Cappadocia rug",,,in stock,Wool pile; cotton foundation (fringes cotton),"#7b5740|#70171b","#7b5740|#70171b","6' 3'' X  9' 5''","",,"","[object Object] [object Object] [object Object] [object Object] [object Object]",active,public
10294,"Cappadocia rug",,,in stock,Wool pile; cotton foundation (fringes cotton),"#0e0d19|#644c3f","#0e0d19|#644c3f","3'11'' X  5'10''","",,"","[object Object] [object Object] [object Object] [object Object]",active,public
10374,"Cappadocia rug",,,in stock,Wool pile; cotton foundation (fringes cotton),"#936752|#99252b","#936752|#99252b","4' 0'' X  6' 2''","",,"","[object Object] [object Object] [object Object] [object Object] [object Object] [object Object] [object Object] [object Object] [object Object]",active,public
10363,"Cappadocia rug",,,in stock,Wool pile; cotton foundation (fringes cotton),"#a08065|#635347","#a08065|#635347","4' 0'' X  5'10''","",,"","[object Object] [object Object] [object Object] [object Object]",active,public
10237,"Cappadocia rug",,,in stock,Wool pile; cotton foundation (fringes cotton),"#8a6c59|#622f29","#8a6c59|#622f29","5' 0'' X  7' 5''","",,"","[object Object] [object Object] [object Object] [object Object] [object Object]",active,public
10060,"Cappadocia rug",,,in stock,Wool pile; cotton foundation (fringes cotton),"#916c56|#c59778","#916c56|#c59778","6' 6'' X  9' 7''","",,"","[object Object] [object Object] [object Object] [object Object]",active,public
10032,"Cappadocia rug",,,in stock,Wool pile; cotton foundation (fringes cotton),"#532322|#1a1a1e","#532322|#1a1a1e","6' 5'' X  9' 8''","",,"","[object Object] [object Object] [object Object] [object Object] [object Object]",active,public
10432,"Cappadocia rug",,,in stock,Wool pile; cotton foundation (fringes cotton),"#705248|#4b221f","#705248|#4b221f","3' 4'' X 10' 1''","",,"","[object Object] [object Object] [object Object] [object Object] [object Object]",active,public
10081,"Cappadocia rug",,,in stock,Wool pile; cotton foundation (fringes cotton),"#6a4f36|#3a1b15","#6a4f36|#3a1b15","6' 6'' X 10' 3''","",,"","[object Object] [object Object] [object Object] [object Object] [object Object]",active,public
10262,"Cappadocia rug",,,in stock,Wool pile; cotton foundation (fringes cotton),"#6e2f32|#7d6554","#6e2f32|#7d6554","5' 0'' X  7' 2''","",,"","[object Object] [object Object] [object Object] [object Object] [object Object] [object Object] [object Object] [object Object] [object Object]",active,public
10166,"Cappadocia rug",,,in stock,Wool pile; cotton foundation (fringes cotton),"#6d5340|#3c1913","#6d5340|#3c1913","6' 7'' X  9'11''","",,"","[object Object] [object Object] [object Object] [object Object]",active,public
10146,"Cappadocia rug",,,in stock,Wool pile; cotton foundation (fringes cotton),"#836a56|#56382e","#836a56|#56382e","6' 7'' X  9' 8''","",,"","[object Object] [object Object] [object Object] [object Object] [object Object]",active,public
10037,"Cappadocia rug",,,in stock,Wool pile; cotton foundation (fringes cotton),"#877661|#b5a080","#877661|#b5a080","6' 7'' X  9' 7''","",,"","[object Object] [object Object] [object Object] [object Object] [object Object]",active,public
10007,"Cappadocia rug",,,in stock,Wool pile; cotton foundation (fringes cotton),"#91714a|#c6a46b","#91714a|#c6a46b","6' 7'' X  9'10''","",,"","[object Object] [object Object] [object Object] [object Object] [object Object]",active,public
10080,"Cappadocia rug",,,in stock,Wool pile; cotton foundation (fringes cotton),"#a28675|#040404","#a28675|#040404","6' 4'' X  9'10''","",,"","[object Object] [object Object] [object Object] [object Object] [object Object] [object Object] [object Object] [object Object]",active,public
10044,"Cappadocia rug",,,in stock,Wool pile; cotton foundation (fringes cotton),"#815f4e|#2e2b35","#815f4e|#2e2b35","6' 4'' X  9'11''","",,"","[object Object] [object Object] [object Object] [object Object]",active,public
10433,"Cappadocia rug",,,in stock,Wool pile; cotton foundation (fringes cotton),"#634f42|#252123","#634f42|#252123","3' 1'' X  9'10''","",,"","[object Object] [object Object] [object Object] [object Object] [object Object]",active,public
10253,"Cappadocia rug",,,in stock,Wool pile; cotton foundation (fringes cotton),"#876c5c|#c2947a","#876c5c|#c2947a","4'10'' X  7'10''","",,"","[object Object] [object Object] [object Object] [object Object] [object Object]",active,public
10015,"Cappadocia rug",,,in stock,Wool pile; cotton foundation (fringes cotton),"#896548|#241c1b","#896548|#241c1b","6' 7'' X  9' 3''","",,"","[object Object] [object Object] [object Object] [object Object] [object Object]",active,public
10175,"Cappadocia rug",,,in stock,Wool pile; cotton foundation (fringes cotton),"#755143|#ae7560","#755143|#ae7560","6' 7'' X  9'10''","",,"","[object Object] [object Object] [object Object] [object Object] [object Object]",active,public
10193,"Cappadocia rug",,,in stock,Wool pile; cotton foundation (fringes cotton),"#845c50|#582b2c","#845c50|#582b2c","6' 7'' X  9'10''","",,"","[object Object] [object Object] [object Object] [object Object] [object Object] [object Object] [object Object]",active,public
10208,"Cappadocia rug",,,in stock,Wool pile; cotton foundation (fringes cotton),"#684f40|#41211c","#684f40|#41211c","6' 7'' X  9'11''","",,"","[object Object] [object Object] [object Object] [object Object] [object Object]",active,public
10025,"Cappadocia rug",,,in stock,Wool pile; cotton foundation (fringes cotton),"#91735b|#c7a37f","#91735b|#c7a37f","6' 5'' X  9' 7''","",,"","[object Object] [object Object] [object Object] [object Object] [object Object] [object Object] [object Object]",active,public
10347,"Cappadocia rug",,,in stock,Wool pile; cotton foundation (fringes cotton),"#7c3f39|#968171","#7c3f39|#968171","3'11'' X  5' 9''","",,"","[object Object] [object Object] [object Object] [object Object]",active,public
10236,"Cappadocia rug",,,in stock,Wool pile; cotton foundation (fringes cotton),"#b78965|#dbbd91","#b78965|#dbbd91","7'10'' X 12' 0''","",,"","[object Object] [object Object] [object Object] [object Object]",active,public
10169,"Cappadocia rug",,,in stock,Wool pile; cotton foundation (fringes cotton),"#836f56|#472f26","#836f56|#472f26","6' 7'' X  9' 7''","",,"","[object Object] [object Object] [object Object] [object Object] [object Object]",active,public
10251,"Cappadocia rug",,,in stock,Wool pile; cotton foundation (fringes cotton),"#836858|#b19d7d","#836858|#b19d7d","4' 9'' X  7' 1''","",,"","[object Object] [object Object] [object Object] [object Object] [object Object]",active,public
10043,"Cappadocia rug",,,in stock,Wool pile; cotton foundation (fringes cotton),"#766152|#978c73","#766152|#978c73","6' 3'' X  9' 6''","",,"","[object Object] [object Object] [object Object] [object Object] [object Object] [object Object] [object Object]",active,public
10206,"Cappadocia rug",,,in stock,Wool pile; cotton foundation (fringes cotton),"#856046|#b68a63","#856046|#b68a63","6' 7'' X  9' 7''","",,"","[object Object] [object Object] [object Object] [object Object] [object Object] [object Object] [object Object] [object Object] [object Object] [object Object]",active,public
10152,"Cappadocia rug",,,in stock,Wool pile; cotton foundation (fringes cotton),"#6e433e|#9b826a","#6e433e|#9b826a","6' 7'' X  9' 3''","",,"","[object Object] [object Object] [object Object] [object Object] [object Object]",active,public
10314,"Cappadocia rug",,,in stock,Wool pile; cotton foundation (fringes cotton),"#9d8374|#d4a892","#9d8374|#d4a892","4' 1'' X  5' 9''","",,"","[object Object] [object Object] [object Object] [object Object]",active,public
10033,"Cappadocia rug",,,in stock,Wool pile; cotton foundation (fringes cotton),"#9d785d|#5f4d3e","#9d785d|#5f4d3e","6' 6'' X  9' 6''","",,"","[object Object] [object Object] [object Object] [object Object] [object Object]",active,public
10385,"Cappadocia rug",,,in stock,Wool pile; cotton foundation (fringes cotton),"#cba2a0|#2d2836","#cba2a0|#2d2836","3' 0'' X  4' 8''","",,"","[object Object] [object Object] [object Object] [object Object]",active,public
10357,"Cappadocia rug",,,in stock,Wool pile; cotton foundation (fringes cotton),"#8e7569|#6a3a37","#8e7569|#6a3a37","3'11'' X  5' 6''","",,"","[object Object] [object Object] [object Object] [object Object]",active,public
10194,"Cappadocia rug",,,in stock,Wool pile; cotton foundation (fringes cotton),"#8e6748|#c99268","#8e6748|#c99268","6' 5'' X  9'11''","",,"","[object Object] [object Object] [object Object] [object Object]",active,public
10258,"Cappadocia rug",,,in stock,Wool pile; cotton foundation (fringes cotton),"#906859|#66262c","#906859|#66262c","4' 9'' X  7' 2''","",,"","[object Object] [object Object] [object Object] [object Object]",active,public
10171,"Cappadocia rug",,,in stock,Wool pile; cotton foundation (fringes cotton),"#7a6750|#aa9c7c","#7a6750|#aa9c7c","6' 7'' X  9' 6''","",,"","[object Object] [object Object] [object Object] [object Object] [object Object]",active,public
10370,"Cappadocia rug",,,in stock,Wool pile; cotton foundation (fringes cotton),"#ce998b|#35403f","#ce998b|#35403f","4' 0'' X  6' 3''","",,"","[object Object] [object Object] [object Object] [object Object]",active,public
10202,"Cappadocia rug",,,in stock,Wool pile; cotton foundation (fringes cotton),"#593328|#816752","#593328|#816752","6' 3'' X  9' 7''","",,"","[object Object] [object Object] [object Object] [object Object] [object Object]",active,public
10191,"Cappadocia rug",,,in stock,Wool pile; cotton foundation (fringes cotton),"#8c5f4d|#2d2a2b","#8c5f4d|#2d2a2b","6' 5'' X  9' 8''","",,"","[object Object] [object Object] [object Object] [object Object] [object Object]",active,public
10273,"Cappadocia rug",,,in stock,Wool pile; cotton foundation (fringes cotton),"#8d7a64|#bbac8c","#8d7a64|#bbac8c","4'11'' X  7' 1''","",,"","[object Object] [object Object] [object Object] [object Object] [object Object]",active,public
10260,"Cappadocia rug",,,in stock,Wool pile; cotton foundation (fringes cotton),"#967457|#b9a47f","#967457|#b9a47f","4'11'' X  7' 3''","",,"","[object Object] [object Object] [object Object] [object Object] [object Object]",active,public
10170,"Cappadocia rug",,,in stock,Wool pile; cotton foundation (fringes cotton),"#7f644c|#a89570","#7f644c|#a89570","6' 4'' X  9' 4''","",,"","[object Object] [object Object] [object Object] [object Object] [object Object]",active,public
15191,"Cappadocia rug",,,in stock,Wool pile; cotton foundation (fringes cotton),"#694b41|#511418","#694b41|#511418","6' 2'' X  9' 7''","",,"","[object Object] [object Object] [object Object] [object Object] [object Object]",active,public
10022,"Cappadocia rug",,,in stock,Wool pile; cotton foundation (fringes cotton),"#725445|#5c221c","#725445|#5c221c","6' 6'' X  9'11''","",,"","[object Object] [object Object] [object Object] [object Object] [object Object]",active,public
10231,"Cappadocia rug",,,in stock,Wool pile; cotton foundation (fringes cotton),"#72413c|#91745b","#72413c|#91745b","4' 1'' X  7' 2''","",,"","[object Object] [object Object] [object Object] [object Object] [object Object]",active,public
10386,"Cappadocia rug",,,in stock,Wool pile; cotton foundation (fringes cotton),"#ad7777|#332325","#ad7777|#332325","3' 0'' X  4' 1''","",,"","[object Object] [object Object] [object Object] [object Object] [object Object] [object Object] [object Object] [object Object] [object Object]",active,public
10111,"Cappadocia rug",,,in stock,Wool pile; cotton foundation (fringes cotton),"#624735|#8c765a","#624735|#8c765a","6' 4'' X 10' 0''","",,"","[object Object] [object Object] [object Object] [object Object] [object Object] [object Object] [object Object]",active,public
10309,"Cappadocia rug",,,in stock,Wool pile; cotton foundation (fringes cotton),"#9a7865|#cf9b82","#9a7865|#cf9b82","3'11'' X  5' 9''","",,"","[object Object] [object Object] [object Object] [object Object]",active,public
13101,"Cappadocia rug",,,in stock,Wool pile; cotton foundation (fringes cotton),"#71574b|#080707","#71574b|#080707","6' 7'' X  9' 8''","",,"","[object Object] [object Object] [object Object] [object Object]",active,public
10355,"Cappadocia rug",,,in stock,Wool pile; cotton foundation (fringes cotton),"#141314|#654039","#141314|#654039","3'10'' X  5' 9''","",,"","[object Object] [object Object] [object Object] [object Object] [object Object] [object Object] [object Object] [object Object] [object Object]",active,public
10099,"Cappadocia rug",,,in stock,Wool pile; cotton foundation (fringes cotton),"#806151|#ae7c60","#806151|#ae7c60","6' 7'' X  9' 3''","",,"","[object Object] [object Object] [object Object] [object Object] [object Object] [object Object] [object Object] [object Object] [object Object] [object Object]",active,public
10408,"Cappadocia rug",,,in stock,Wool pile; cotton foundation (fringes cotton),"#9f7d62|#cda583","#9f7d62|#cda583","8' 5'' X 12' 3''","",,"","[object Object] [object Object] [object Object] [object Object]",active,public
10190,"Cappadocia rug",,,in stock,Wool pile; cotton foundation (fringes cotton),"#926f57|#c99f80","#926f57|#c99f80","6' 8'' X  9' 8''","",,"","[object Object] [object Object] [object Object] [object Object] [object Object] [object Object] [object Object]",active,public
16189,"Cappadocia rug",,,in stock,Wool pile; cotton foundation (fringes cotton),"#81614c|#b68868","#81614c|#b68868","6' 7'' X  9' 8''","",,"","[object Object] [object Object] [object Object] [object Object]",active,public
10017,"Cappadocia rug",,,in stock,Wool pile; cotton foundation (fringes cotton),"#a77f61|#dab98d","#a77f61|#dab98d","6' 6'' X  9' 8''","",,"","[object Object] [object Object] [object Object] [object Object]",active,public
10376,"Cappadocia rug",,,in stock,Wool pile; cotton foundation (fringes cotton),"#8b6656|#cb8b70","#8b6656|#cb8b70","3'11'' X  5'11''","",,"","[object Object] [object Object] [object Object] [object Object]",active,public
10247,"Cappadocia rug",,,in stock,Wool pile; cotton foundation (fringes cotton),"#847361|#b69e80","#847361|#b69e80","4'11'' X  7' 1''","",,"","[object Object] [object Object] [object Object] [object Object] [object Object]",active,public
10061,"Cappadocia rug",,,in stock,Wool pile; cotton foundation (fringes cotton),"#795845|#461c19","#795845|#461c19","6' 9'' X  9' 6''","",,"","[object Object] [object Object] [object Object] [object Object] [object Object]",active,public
10286,"Cappadocia rug",,,in stock,Wool pile; cotton foundation (fringes cotton),"#5c4d41|#2e1b15","#5c4d41|#2e1b15","4'10'' X  7' 6''","",,"","[object Object] [object Object] [object Object] [object Object] [object Object] [object Object] [object Object] [object Object] [object Object]",active,public
10113,"Cappadocia rug",,,in stock,Wool pile; cotton foundation (fringes cotton),"#8f705a|#c99678","#8f705a|#c99678","6' 4'' X  9' 5''","",,"","[object Object] [object Object] [object Object] [object Object]",active,public
10083,"Cappadocia rug",,,in stock,Wool pile; cotton foundation (fringes cotton),"#8c6c52|#c4a073","#8c6c52|#c4a073","6' 5'' X  9' 8''","",,"","[object Object] [object Object] [object Object] [object Object] [object Object]",active,public
10172,"Cappadocia rug",,,in stock,Wool pile; cotton foundation (fringes cotton),"#9f8264|#ceb796","#9f8264|#ceb796","6' 8'' X  9' 6''","",,"","[object Object] [object Object] [object Object] [object Object]",active,public
10128,"Cappadocia rug",,,in stock,Wool pile; cotton foundation (fringes cotton),"#9b7d63|#cea381","#9b7d63|#cea381","7' 6'' X 10' 9''","",,"","[object Object] [object Object] [object Object] [object Object]",active,public
10416,"Cappadocia rug",,,in stock,Wool pile; cotton foundation (fringes cotton),"#84685d|#b88576","#84685d|#b88576","8' 0'' X 12' 8''","",,"","[object Object] [object Object] [object Object] [object Object]",active,public
10379,"Cappadocia rug",,,in stock,Wool pile; cotton foundation (fringes cotton),"","","3'10'' X  5'10''","",,"","[object Object] [object Object] [object Object] [object Object]",active,public
10235,"Cappadocia rug",,,in stock,Wool pile; cotton foundation (fringes cotton),"#94795f|#c4aa87","#94795f|#c4aa87","4'11'' X  7' 1''","",,"","[object Object] [object Object] [object Object] [object Object]",active,public
10147,"Cappadocia rug",,,in stock,Wool pile; cotton foundation (fringes cotton),"#937a69|#c4a789","#937a69|#c4a789","6' 5'' X  9' 1''","",,"","[object Object] [object Object] [object Object] [object Object] [object Object]",active,public
10340,"Cappadocia rug",,,in stock,Wool pile; cotton foundation (fringes cotton),"#996761|#cf9988","#996761|#cf9988","3' 9'' X  5'11''","",,"","[object Object] [object Object] [object Object] [object Object]",active,public
10011,"Cappadocia rug",,,in stock,Wool pile; cotton foundation (fringes cotton),"#7d634d|#533229","#7d634d|#533229","6' 8'' X 10' 0''","",,"","[object Object] [object Object] [object Object] [object Object]",active,public
10341,"Cappadocia rug",,,in stock,Wool pile; cotton foundation (fringes cotton),"#997459|#cf9772","#997459|#cf9772","4' 1'' X  6' 4''","",,"","[object Object] [object Object] [object Object] [object Object]",active,public
10325,"Cappadocia rug",,,in stock,Wool pile; cotton foundation (fringes cotton),"#ad615d|#b32835","#ad615d|#b32835","3'11'' X  5' 8''","",,"","[object Object] [object Object] [object Object] [object Object]",active,public
10104,"Cappadocia rug",,,in stock,Wool pile; cotton foundation (fringes cotton),"#805d4d|#5e2a22","#805d4d|#5e2a22","6' 5'' X  9' 7''","",,"","[object Object] [object Object] [object Object] [object Object] [object Object] [object Object]",active,public
14440,"Cappadocia rug",,,in stock,Wool pile; cotton foundation (fringes cotton),"#644e3e|#040404","#644e3e|#040404","6' 7'' X  9' 8''","",,"","[object Object] [object Object] [object Object] [object Object]",active,public
10129,"Cappadocia rug",,,in stock,Wool pile; cotton foundation (fringes cotton),"#745446|#4b2926","#745446|#4b2926","7' 5'' X 10' 8''","",,"","[object Object] [object Object] [object Object] [object Object] [object Object]",active,public
16476,"Cappadocia rug",,,in stock,Wool pile; cotton foundation (fringes cotton),"#332529|#754e45","#332529|#754e45","3' 0'' X  9' 5''","",,"","[object Object] [object Object] [object Object] [object Object] [object Object]",active,public
10196,"Cappadocia rug",,,in stock,Wool pile; cotton foundation (fringes cotton),"#7c5c4b|#40322b","#7c5c4b|#40322b","6' 8'' X  9' 7''","",,"","[object Object] [object Object] [object Object] [object Object] [object Object] [object Object] [object Object] [object Object]",active,public
10332,"Cappadocia rug",,,in stock,Wool pile; cotton foundation (fringes cotton),"#844346|#a58b7a","#844346|#a58b7a","3'10'' X  5' 9''","",,"","[object Object] [object Object] [object Object] [object Object]",active,public
10421,"Cappadocia rug",,,in stock,Wool pile; cotton foundation (fringes cotton),"#7d5d4b|#69271c","#7d5d4b|#69271c","7'10'' X 11'10''","",,"","[object Object] [object Object] [object Object] [object Object]",active,public
10437,"Cappadocia rug",,,in stock,Wool pile; cotton foundation (fringes cotton),"","","3' 1'' X  9' 4''","",,"","[object Object] [object Object] [object Object] [object Object] [object Object]",active,public
10027,"Cappadocia rug",,,in stock,Wool pile; cotton foundation (fringes cotton),"#806152|#78252e","#806152|#78252e","6' 7'' X  9' 5''","",,"","[object Object] [object Object] [object Object] [object Object] [object Object]",active,public
10053,"Cappadocia rug",,,in stock,Wool pile; cotton foundation (fringes cotton),"#735343|#582a22","#735343|#582a22","6' 4'' X  9' 6''","",,"","[object Object] [object Object] [object Object] [object Object] [object Object] [object Object]",active,public
10192,"Cappadocia rug",,,in stock,Wool pile; cotton foundation (fringes cotton),"#99715e|#842b24","#99715e|#842b24","6' 9'' X  9' 5''","",,"","[object Object] [object Object] [object Object] [object Object]",active,public
10028,"Cappadocia rug",,,in stock,Wool pile; cotton foundation (fringes cotton),"#5d4233|#837159","#5d4233|#837159","6' 7'' X  9' 9''","",,"","[object Object] [object Object] [object Object] [object Object] [object Object]",active,public
10163,"Cappadocia rug",,,in stock,Wool pile; cotton foundation (fringes cotton),"#664e3d|#9c795f","#664e3d|#9c795f","6' 5'' X 10' 2''","",,"","[object Object] [object Object] [object Object] [object Object] [object Object]",active,public
10018,"Cappadocia rug",,,in stock,Wool pile; cotton foundation (fringes cotton),"#7d624d|#ad8468","#7d624d|#ad8468","6' 6'' X  9' 7''","",,"","[object Object] [object Object] [object Object] [object Object] [object Object]",active,public
10307,"Cappadocia rug",,,in stock,Wool pile; cotton foundation (fringes cotton),"#9b6f64|#982b3a","#9b6f64|#982b3a","3'10'' X  5' 9''","",,"","[object Object] [object Object] [object Object] [object Object]",active,public
10429,"Cappadocia rug",,,in stock,Wool pile; cotton foundation (fringes cotton),"#bba489|#9a7761","#bba489|#9a7761","9' 0'' X 12'11''","",,"","[object Object] [object Object] [object Object] [object Object]",active,public
10329,"Cappadocia rug",,,in stock,Wool pile; cotton foundation (fringes cotton),"#9e826e|#6e3b37","#9e826e|#6e3b37","4' 1'' X  5'11''","",,"","[object Object] [object Object] [object Object] [object Object]",active,public
13759,"Cappadocia rug",,,in stock,Wool pile; cotton foundation (fringes cotton),"#8d7869|#b3a493","#8d7869|#b3a493","4' 0'' X  4' 0''","",,"","[object Object] [object Object] [object Object] [object Object]",active,public
10409,"Cappadocia rug",,,in stock,Wool pile; cotton foundation (fringes cotton),"#9a725a|#c69170","#9a725a|#c69170","8' 2'' X 12' 3''","",,"","[object Object] [object Object] [object Object] [object Object]",active,public
10249,"Cappadocia rug",,,in stock,Wool pile; cotton foundation (fringes cotton),"#806857|#4f3226","#806857|#4f3226","5' 0'' X  7' 3''","",,"","[object Object] [object Object] [object Object] [object Object] [object Object]",active,public
10070,"Cappadocia rug",,,in stock,Wool pile; cotton foundation (fringes cotton),"#9a7156|#ce9b78","#9a7156|#ce9b78","6' 7'' X  9' 6''","",,"","[object Object] [object Object] [object Object] [object Object] [object Object]",active,public
10243,"Cappadocia rug",,,in stock,Wool pile; cotton foundation (fringes cotton),"#9b7962|#c2ad8c","#9b7962|#c2ad8c","4'10'' X  7' 1''","",,"","[object Object] [object Object] [object Object] [object Object] [object Object]",active,public
10066,"Cappadocia rug",,,in stock,Wool pile; cotton foundation (fringes cotton),"#9b836b|#cea689","#9b836b|#cea689","6' 5'' X  9' 5''","",,"","[object Object] [object Object] [object Object] [object Object]",active,public
10404,"Cappadocia rug",,,in stock,Wool pile; cotton foundation (fringes cotton),"#765f52|#a5856d","#765f52|#a5856d","7'11'' X 11' 0''","",,"","[object Object] [object Object] [object Object] [object Object]",active,public
10232,"Cappadocia rug",,,in stock,Wool pile; cotton foundation (fringes cotton),"#ad8966|#d3b78b","#ad8966|#d3b78b","5' 0'' X  7' 1''","",,"","[object Object] [object Object] [object Object] [object Object] [object Object]",active,public
10301,"Cappadocia rug",,,in stock,Wool pile; cotton foundation (fringes cotton),"#181b2d|#9c8076","#181b2d|#9c8076","4' 0'' X  5' 8''","",,"","[object Object] [object Object] [object Object] [object Object]",active,public
14360,"Cappadocia rug",,,in stock,Wool pile; cotton foundation (fringes cotton),"#683531|#82624b","#683531|#82624b","3' 1'' X  6' 1''","",,"","[object Object] [object Object] [object Object] [object Object] [object Object]",active,public
10142,"Cappadocia rug",,,in stock,Wool pile; cotton foundation (fringes cotton),"#755946|#46211a","#755946|#46211a","6' 9'' X  9' 3''","",,"","[object Object] [object Object] [object Object] [object Object] [object Object]",active,public
10151,"Cappadocia rug",,,in stock,Wool pile; cotton foundation (fringes cotton),"#644941|#1c1b27","#644941|#1c1b27","6' 6'' X  9'10''","",,"","[object Object] [object Object] [object Object] [object Object] [object Object]",active,public
10380,"Cappadocia rug",,,in stock,Wool pile; cotton foundation (fringes cotton),"#8d6b5c|#bea995","#8d6b5c|#bea995","3' 3'' X  6' 2''","",,"","[object Object] [object Object] [object Object] [object Object]",active,public
10292,"Cappadocia rug",,,in stock,Wool pile; cotton foundation (fringes cotton),"#8b665c|#c4847b","#8b665c|#c4847b","3' 9'' X  5' 9''","",,"","[object Object] [object Object] [object Object] [object Object]",active,public
10135,"Cappadocia rug",,,in stock,Wool pile; cotton foundation (fringes cotton),"#8f715d|#c49e81","#8f715d|#c49e81","6'10'' X 10' 8''","",,"","[object Object] [object Object] [object Object] [object Object] [object Object]",active,public
10067,"Cappadocia rug",,,in stock,Wool pile; cotton foundation (fringes cotton),"#785c44|#af8c64","#785c44|#af8c64","6' 5'' X 10' 1''","",,"","[object Object] [object Object] [object Object] [object Object] [object Object] [object Object] [object Object]",active,public
10230,"Cappadocia rug",,,in stock,Wool pile; cotton foundation (fringes cotton),"#855e47|#73141a","#855e47|#73141a","4' 8'' X  7' 2''","",,"","[object Object] [object Object] [object Object] [object Object] [object Object]",active,public
10422,"Cappadocia rug",,,in stock,Wool pile; cotton foundation (fringes cotton),"#897564|#b59a7d","#897564|#b59a7d","8' 9'' X 11'11''","",,"","[object Object] [object Object] [object Object] [object Object]",active,public
15101,"Cappadocia rug",,,in stock,Wool pile; cotton foundation (fringes cotton),"#806959|#b58f78","#806959|#b58f78","8' 1'' X 12' 5''","",,"","[object Object] [object Object] [object Object] [object Object]",active,public
10351,"Cappadocia rug",,,in stock,Wool pile; cotton foundation (fringes cotton),"#9c8270|#d3a984","#9c8270|#d3a984","4' 1'' X  5' 8''","",,"","[object Object] [object Object] [object Object] [object Object]",active,public
10223,"Cappadocia rug",,,in stock,Wool pile; cotton foundation (fringes cotton),"#85674f|#c09270","#85674f|#c09270","4' 9'' X  7' 1''","",,"","[object Object] [object Object] [object Object] [object Object] [object Object]",active,public
14442,"Cappadocia rug",,,in stock,Wool pile; cotton foundation (fringes cotton),"#725644|#382e27","#725644|#382e27","6' 6'' X  9'10''","",,"","[object Object] [object Object] [object Object] [object Object]",active,public
10411,"Cappadocia rug",,,in stock,Wool pile; cotton foundation (fringes cotton),"#7a494a|#967e6f","#7a494a|#967e6f","8' 0'' X 11' 9''","",,"","[object Object] [object Object] [object Object] [object Object]",active,public
10071,"Cappadocia rug",,,in stock,Wool pile; cotton foundation (fringes cotton),"#744834|#362622","#744834|#362622","6' 6'' X  9' 6''","",,"","[object Object] [object Object] [object Object] [object Object] [object Object]",active,public
10003,"Cappadocia rug",,,in stock,Wool pile; cotton foundation (fringes cotton),"#8e7261|#bc9f87","#8e7261|#bc9f87","6' 5'' X  9' 8''","",,"","[object Object] [object Object] [object Object] [object Object] [object Object]",active,public
10110,"Cappadocia rug",,,in stock,Wool pile; cotton foundation (fringes cotton),"#6e583e|#9e8056","#6e583e|#9e8056","6' 6'' X  9' 9''","",,"","[object Object] [object Object] [object Object] [object Object] [object Object]",active,public
10274,"Cappadocia rug",,,in stock,Wool pile; cotton foundation (fringes cotton),"#836756|#5e3229","#836756|#5e3229","4' 9'' X  7'10''","",,"","[object Object] [object Object] [object Object] [object Object] [object Object]",active,public
16194,"Cappadocia rug",,,in stock,Wool pile; cotton foundation (fringes cotton),"#8b745a|#c59e77","#8b745a|#c59e77","6' 6'' X  9' 6''","",,"","[object Object] [object Object] [object Object] [object Object] [object Object]",active,public
10248,"Cappadocia rug",,,in stock,Wool pile; cotton foundation (fringes cotton),"#84694a|#4f3223","#84694a|#4f3223","4'10'' X  7' 2''","",,"","[object Object] [object Object] [object Object] [object Object] [object Object]",active,public
10410,"Cappadocia rug",,,in stock,Wool pile; cotton foundation (fringes cotton),"#a0795c|#cca17d","#a0795c|#cca17d","7' 9'' X 11' 6''","",,"","[object Object] [object Object] [object Object] [object Object]",active,public
14890,"Cappadocia rug",,,in stock,Wool pile; cotton foundation (fringes cotton),"#9e7c65|#c1ad8f","#9e7c65|#c1ad8f","4'11'' X  7' 2''","",,"","[object Object] [object Object] [object Object] [object Object] [object Object]",active,public
10005,"Cappadocia rug",,,in stock,Wool pile; cotton foundation (fringes cotton),"#795d45|#572b22","#795d45|#572b22","6' 9'' X  9' 3''","",,"","[object Object] [object Object] [object Object] [object Object] [object Object] [object Object] [object Object]",active,public
13293,"Cappadocia rug",,,in stock,Wool pile; cotton foundation (fringes cotton),"#6d4b3a|#5d1914","#6d4b3a|#5d1914","6' 7'' X 10' 7''","",,"","[object Object] [object Object] [object Object] [object Object]",active,public
10238,"Cappadocia rug",,,in stock,Wool pile; cotton foundation (fringes cotton),"#6b5449|#432324","#6b5449|#432324","6' 3'' X 10' 6''","",,"","[object Object] [object Object] [object Object] [object Object] [object Object]",active,public
10019,"Cappadocia rug",,,in stock,Wool pile; cotton foundation (fringes cotton),"#713a30|#8c745c","#713a30|#8c745c","6' 6'' X  9' 8''","",,"","[object Object] [object Object] [object Object] [object Object] [object Object]",active,public
10228,"Cappadocia rug",,,in stock,Wool pile; cotton foundation (fringes cotton),"#936e5e|#bbad8e","#936e5e|#bbad8e","5' 1'' X  7' 9''","",,"","[object Object] [object Object] [object Object] [object Object]",active,public
10214,"Cappadocia rug",,,in stock,Wool pile; cotton foundation (fringes cotton),"#795f4a|#4c2c20","#795f4a|#4c2c20","4'10'' X  7'10''","",,"","[object Object] [object Object] [object Object] [object Object] [object Object]",active,public
16547,"Cappadocia rug",,,in stock,Wool pile; cotton foundation (fringes cotton),"#b7a382|#202031","#b7a382|#202031","3'11'' X  6' 1''","",,"","[object Object] [object Object] [object Object] [object Object]",active,public
10299,"Cappadocia rug",,,in stock,Wool pile; cotton foundation (fringes cotton),"#74201f|#ceac97","#74201f|#ceac97","3' 9'' X  5' 9''","",,"","[object Object] [object Object] [object Object] [object Object]",active,public
10367,"Cappadocia rug",,,in stock,Wool pile; cotton foundation (fringes cotton),"#885f4a|#ce825c","#885f4a|#ce825c","3'11'' X  5' 9''","",,"","[object Object] [object Object] [object Object] [object Object]",active,public
16549,"Cappadocia rug",,,in stock,Wool pile; cotton foundation (fringes cotton),"#b36c5f|#5c5052","#b36c5f|#5c5052","3'11'' X  5' 8''","",,"","[object Object] [object Object] [object Object] [object Object]",active,public
10378,"Cappadocia rug",,,in stock,Wool pile; cotton foundation (fringes cotton),"#333e56|#371011","#333e56|#371011","4'11'' X  6' 0''","",,"","[object Object] [object Object] [object Object] [object Object]",active,public
10143,"Cappadocia rug",,,in stock,Wool pile; cotton foundation (fringes cotton),"#765a48|#502721","#765a48|#502721","6' 7'' X  9' 6''","",,"","[object Object] [object Object] [object Object] [object Object]",active,public
10263,"Cappadocia rug",,,in stock,Wool pile; cotton foundation (fringes cotton),"#833d3f|#947966","#833d3f|#947966","5' 1'' X  7' 2''","",,"","[object Object] [object Object] [object Object] [object Object] [object Object]",active,public
10295,"Cappadocia rug",,,in stock,Wool pile; cotton foundation (fringes cotton),"#0e0d19|#644c3f","#0e0d19|#644c3f","3'10'' X  6' 0''","",,"","[object Object] [object Object] [object Object] [object Object]",active,public
16192,"Cappadocia rug",,,in stock,Wool pile; cotton foundation (fringes cotton),"#8b6c52|#b5906c","#8b6c52|#b5906c","7'11'' X 12' 4''","",,"","[object Object] [object Object] [object Object] [object Object]",active,public
10290,"Cappadocia rug",,,in stock,Wool pile; cotton foundation (fringes cotton),"#987b6c|#c3b397","#987b6c|#c3b397","4'10'' X  7' 3''","",,"","[object Object] [object Object] [object Object] [object Object] [object Object]",active,public
10303,"Cappadocia rug",,,in stock,Wool pile; cotton foundation (fringes cotton),"#857264|#cc907d","#857264|#cc907d","3' 9'' X  6' 0''","",,"","[object Object] [object Object] [object Object] [object Object]",active,public
10198,"Cappadocia rug",,,in stock,Wool pile; cotton foundation (fringes cotton),"#9e7a65|#c7b19d","#9e7a65|#c7b19d","6' 7'' X  9'10''","",,"","[object Object] [object Object] [object Object]",active,public
10023,"Cappadocia rug",,,in stock,Wool pile; cotton foundation (fringes cotton),"#877057|#4f3224","#877057|#4f3224","6' 5'' X  9' 9''","",,"","[object Object] [object Object] [object Object] [object Object]",active,public
10417,"Cappadocia rug",,,in stock,Wool pile; cotton foundation (fringes cotton),"#8c6856|#653027","#8c6856|#653027","8' 1'' X 11' 0''","",,"","[object Object] [object Object] [object Object] [object Object]",active,public
10038,"Cappadocia rug",,,in stock,Wool pile; cotton foundation (fringes cotton),"#9c856c|#252223","#9c856c|#252223","6' 4'' X  9' 4''","",,"","[object Object] [object Object] [object Object] [object Object] [object Object]",active,public
10354,"Cappadocia rug",,,in stock,Wool pile; cotton foundation (fringes cotton),"#602c2d|#92796d","#602c2d|#92796d","3'10'' X  5' 9''","",,"","[object Object] [object Object] [object Object] [object Object]",active,public
10321,"Cappadocia rug",,,in stock,Wool pile; cotton foundation (fringes cotton),"#7f6453|#59312b","#7f6453|#59312b","3'10'' X  5' 9''","",,"","[object Object] [object Object] [object Object] [object Object]",active,public
10195,"Cappadocia rug",,,in stock,Wool pile; cotton foundation (fringes cotton),"#b58d6f|#dfcbaa","#b58d6f|#dfcbaa","6' 2'' X  9' 5''","",,"","[object Object] [object Object] [object Object] [object Object]",active,public
10313,"Cappadocia rug",,,in stock,Wool pile; cotton foundation (fringes cotton),"#ae7d6f|#a1313e","#ae7d6f|#a1313e","3'10'' X  5'11''","",,"","[object Object] [object Object] [object Object] [object Object]",active,public
10055,"Cappadocia rug",,,in stock,Wool pile; cotton foundation (fringes cotton),"#7f5c4c|#b48f76","#7f5c4c|#b48f76","6'10'' X  9' 7''","",,"","[object Object] [object Object] [object Object] [object Object] [object Object]",active,public
10203,"Cappadocia rug",,,in stock,Wool pile; cotton foundation (fringes cotton),"#8c6953|#b67b62","#8c6953|#b67b62","6' 7'' X  9' 5''","",,"","[object Object] [object Object] [object Object] [object Object] [object Object]",active,public
10333,"Cappadocia rug",,,in stock,Wool pile; cotton foundation (fringes cotton),"#9a7a6b|#ce997e","#9a7a6b|#ce997e","4' 0'' X  5'11''","",,"","[object Object] [object Object] [object Object] [object Object]",active,public
10323,"Cappadocia rug",,,in stock,Wool pile; cotton foundation (fringes cotton),"#836052|#afa08c","#836052|#afa08c","4' 0'' X  6' 2''","",,"","[object Object] [object Object] [object Object] [object Object]",active,public
10369,"Cappadocia rug",,,in stock,Wool pile; cotton foundation (fringes cotton),"#83675a|#333435","#83675a|#333435","3'11'' X  6' 0''","",,"","[object Object]",active,public
16600,"Cappadocia rug",,,in stock,Wool pile; cotton foundation (fringes cotton),"","","2'10'' X  4' 6''","",,"","[object Object] [object Object]",active,public
10063,"Cappadocia rug",,,in stock,Wool pile; cotton foundation (fringes cotton),"","","6' 5'' X  9' 5''","",,"","[object Object]",draft,private
10138,"Cappadocia rug",,,in stock,Wool pile; cotton foundation (fringes cotton),"","","6' 7'' X 10' 0''","",,"","[object Object]",draft,private
10144,"Cappadocia rug",,,in stock,Wool pile; cotton foundation (fringes cotton),"","","6' 7'' X  9' 9''","",,"","[object Object]",draft,private
10435,"Cappadocia rug",,,in stock,Wool pile; cotton foundation (fringes cotton),"","","3' 4'' X  9' 7''","",,"","[object Object]",draft,private
10446,"Cappadocia rug",,,in stock,Wool pile; cotton foundation (fringes cotton),"","","3' 9'' X  3' 9''","",,"","[object Object]",draft,private
12102,"Cappadocia rug",,,in stock,Wool pile; cotton foundation (fringes cotton),"","","4' 2'' X  5' 8''","",,"","[object Object]",draft,private
13775,"Cappadocia rug",,,in stock,Wool pile; cotton foundation (fringes cotton),"","","6' 6'' X 10' 2''","",,"","[object Object]",draft,private
14921,"Cappadocia rug",,,in stock,Wool pile; cotton foundation (fringes cotton),"","","4' 0'' X  5'11''","",,"","[object Object]",draft,private
15392,"Cappadocia rug",,,in stock,Wool pile; cotton foundation (fringes cotton),"","","6' 8'' X 10' 0''","",,"","[object Object]",draft,private
15355,"Cappadocia rug",,,in stock,Wool pile; cotton foundation (fringes cotton),"","","6' 6'' X  9' 2''","",,"","[object Object]",draft,private
16387,"Cappadocia rug",,,in stock,Wool pile; cotton foundation (fringes cotton),"","","6' 6'' X  9' 6''","",,"","[object Object]",draft,private
