id,title,price,link,image_link,availability,brand,condition,mpn,description
test-123,"Smoke Test Rug",123.45 USD,https://aytekrugs.com/rug/test-123,https://example.com/i.jpg,in stock,Aytek Rugs,new,test-123,"Smoke Test Rug"
10002,"Anatolian Rug",299.00 USD,https://aytekrugs.com/rug/10002,https://example.com/a.jpg,in stock,Aytek Rugs,new,10002,"Anatolian Rug"
test-utf8,"Test Rug UTF8",90.00 USD,https://aytekrugs.com/rug/test-utf8,https://example.com/1.jpg,in stock,Aytek Rugs,new,test-utf8,"Test Rug UTF8"
10003,"Cappadocia rug",undefined USD,https://aytekrugs.com/rug/10003,[object Object],in stock,Aytek Rugs,new,10003,"Cappadocia rug"
10004,"Cappadocia rug",undefined USD,https://aytekrugs.com/rug/10004,[object Object],in stock,Aytek Rugs,new,10004,"Cappadocia rug"
10005,"Cappadocia rug",undefined USD,https://aytekrugs.com/rug/10005,[object Object],in stock,Aytek Rugs,new,10005,"Cappadocia rug"
10006,"Cappadocia rug",undefined USD,https://aytekrugs.com/rug/10006,[object Object],in stock,Aytek Rugs,new,10006,"Cappadocia rug"
10007,"Cappadocia rug",undefined USD,https://aytekrugs.com/rug/10007,[object Object],in stock,Aytek Rugs,new,10007,"Cappadocia rug"
10010,"Cappadocia rug",undefined USD,https://aytekrugs.com/rug/10010,[object Object],in stock,Aytek Rugs,new,10010,"Cappadocia rug"
10011,"Cappadocia rug",undefined USD,https://aytekrugs.com/rug/10011,[object Object],in stock,Aytek Rugs,new,10011,"Cappadocia rug"
10012,"Cappadocia rug",undefined USD,https://aytekrugs.com/rug/10012,[object Object],in stock,Aytek Rugs,new,10012,"Cappadocia rug"
10013,"Cappadocia rug",undefined USD,https://aytekrugs.com/rug/10013,[object Object],in stock,Aytek Rugs,new,10013,"Cappadocia rug"
10014,"Cappadocia rug",undefined USD,https://aytekrugs.com/rug/10014,[object Object],in stock,Aytek Rugs,new,10014,"Cappadocia rug"
10015,"Cappadocia rug",undefined USD,https://aytekrugs.com/rug/10015,[object Object],in stock,Aytek Rugs,new,10015,"Cappadocia rug"
10016,"Cappadocia rug",undefined USD,https://aytekrugs.com/rug/10016,[object Object],in stock,Aytek Rugs,new,10016,"Cappadocia rug"
10017,"Cappadocia rug",undefined USD,https://aytekrugs.com/rug/10017,[object Object],in stock,Aytek Rugs,new,10017,"Cappadocia rug"
10018,"Cappadocia rug",undefined USD,https://aytekrugs.com/rug/10018,[object Object],in stock,Aytek Rugs,new,10018,"Cappadocia rug"
10019,"Cappadocia rug",undefined USD,https://aytekrugs.com/rug/10019,[object Object],in stock,Aytek Rugs,new,10019,"Cappadocia rug"
10020,"Cappadocia rug",undefined USD,https://aytekrugs.com/rug/10020,[object Object],in stock,Aytek Rugs,new,10020,"Cappadocia rug"
10021,"Cappadocia rug",undefined USD,https://aytekrugs.com/rug/10021,[object Object],in stock,Aytek Rugs,new,10021,"Cappadocia rug"
10022,"Cappadocia rug",undefined USD,https://aytekrugs.com/rug/10022,[object Object],in stock,Aytek Rugs,new,10022,"Cappadocia rug"
10023,"Cappadocia rug",undefined USD,https://aytekrugs.com/rug/10023,[object Object],in stock,Aytek Rugs,new,10023,"Cappadocia rug"
10025,"Cappadocia rug",undefined USD,https://aytekrugs.com/rug/10025,[object Object],in stock,Aytek Rugs,new,10025,"Cappadocia rug"
10024,"Cappadocia rug",undefined USD,https://aytekrugs.com/rug/10024,[object Object],in stock,Aytek Rugs,new,10024,"Cappadocia rug"
10026,"Cappadocia rug",undefined USD,https://aytekrugs.com/rug/10026,[object Object],in stock,Aytek Rugs,new,10026,"Cappadocia rug"
10027,"Cappadocia rug",undefined USD,https://aytekrugs.com/rug/10027,[object Object],in stock,Aytek Rugs,new,10027,"Cappadocia rug"
10028,"Cappadocia rug",undefined USD,https://aytekrugs.com/rug/10028,[object Object],in stock,Aytek Rugs,new,10028,"Cappadocia rug"
10029,"Cappadocia rug",undefined USD,https://aytekrugs.com/rug/10029,[object Object],in stock,Aytek Rugs,new,10029,"Cappadocia rug"
10030,"Cappadocia rug",undefined USD,https://aytekrugs.com/rug/10030,[object Object],in stock,Aytek Rugs,new,10030,"Cappadocia rug"
10031,"Cappadocia rug",undefined USD,https://aytekrugs.com/rug/10031,[object Object],in stock,Aytek Rugs,new,10031,"Cappadocia rug"
10033,"Cappadocia rug",undefined USD,https://aytekrugs.com/rug/10033,[object Object],in stock,Aytek Rugs,new,10033,"Cappadocia rug"
10032,"Cappadocia rug",undefined USD,https://aytekrugs.com/rug/10032,[object Object],in stock,Aytek Rugs,new,10032,"Cappadocia rug"
10034,"Cappadocia rug",undefined USD,https://aytekrugs.com/rug/10034,[object Object],in stock,Aytek Rugs,new,10034,"Cappadocia rug"
10042,"Cappadocia rug",undefined USD,https://aytekrugs.com/rug/10042,[object Object],in stock,Aytek Rugs,new,10042,"Cappadocia rug"
10036,"Cappadocia rug",undefined USD,https://aytekrugs.com/rug/10036,[object Object],in stock,Aytek Rugs,new,10036,"Cappadocia rug"
10035,"Cappadocia rug",undefined USD,https://aytekrugs.com/rug/10035,[object Object],in stock,Aytek Rugs,new,10035,"Cappadocia rug"
10038,"Cappadocia rug",undefined USD,https://aytekrugs.com/rug/10038,[object Object],in stock,Aytek Rugs,new,10038,"Cappadocia rug"
10037,"Cappadocia rug",undefined USD,https://aytekrugs.com/rug/10037,[object Object],in stock,Aytek Rugs,new,10037,"Cappadocia rug"
10041,"Cappadocia rug",undefined USD,https://aytekrugs.com/rug/10041,[object Object],in stock,Aytek Rugs,new,10041,"Cappadocia rug"
10043,"Cappadocia rug",undefined USD,https://aytekrugs.com/rug/10043,[object Object],in stock,Aytek Rugs,new,10043,"Cappadocia rug"
10044,"Cappadocia rug",undefined USD,https://aytekrugs.com/rug/10044,[object Object],in stock,Aytek Rugs,new,10044,"Cappadocia rug"
10046,"Cappadocia rug",undefined USD,https://aytekrugs.com/rug/10046,[object Object],in stock,Aytek Rugs,new,10046,"Cappadocia rug"
10047,"Cappadocia rug",undefined USD,https://aytekrugs.com/rug/10047,[object Object],in stock,Aytek Rugs,new,10047,"Cappadocia rug"
10048,"Cappadocia rug",undefined USD,https://aytekrugs.com/rug/10048,[object Object],in stock,Aytek Rugs,new,10048,"Cappadocia rug"
10049,"Cappadocia rug",undefined USD,https://aytekrugs.com/rug/10049,[object Object],in stock,Aytek Rugs,new,10049,"Cappadocia rug"
10051,"Cappadocia rug",undefined USD,https://aytekrugs.com/rug/10051,[object Object],in stock,Aytek Rugs,new,10051,"Cappadocia rug"
10052,"Cappadocia rug",undefined USD,https://aytekrugs.com/rug/10052,[object Object],in stock,Aytek Rugs,new,10052,"Cappadocia rug"
10053,"Cappadocia rug",undefined USD,https://aytekrugs.com/rug/10053,[object Object],in stock,Aytek Rugs,new,10053,"Cappadocia rug"
10055,"Cappadocia rug",undefined USD,https://aytekrugs.com/rug/10055,[object Object],in stock,Aytek Rugs,new,10055,"Cappadocia rug"
10056,"Cappadocia rug",undefined USD,https://aytekrugs.com/rug/10056,[object Object],in stock,Aytek Rugs,new,10056,"Cappadocia rug"
10059,"Cappadocia rug",undefined USD,https://aytekrugs.com/rug/10059,[object Object],in stock,Aytek Rugs,new,10059,"Cappadocia rug"
10060,"Cappadocia rug",undefined USD,https://aytekrugs.com/rug/10060,[object Object],in stock,Aytek Rugs,new,10060,"Cappadocia rug"
10061,"Cappadocia rug",undefined USD,https://aytekrugs.com/rug/10061,[object Object],in stock,Aytek Rugs,new,10061,"Cappadocia rug"
10062,"Cappadocia rug",undefined USD,https://aytekrugs.com/rug/10062,[object Object],in stock,Aytek Rugs,new,10062,"Cappadocia rug"
10065,"Cappadocia rug",undefined USD,https://aytekrugs.com/rug/10065,[object Object],in stock,Aytek Rugs,new,10065,"Cappadocia rug"
10066,"Cappadocia rug",undefined USD,https://aytekrugs.com/rug/10066,[object Object],in stock,Aytek Rugs,new,10066,"Cappadocia rug"
10067,"Cappadocia rug",undefined USD,https://aytekrugs.com/rug/10067,[object Object],in stock,Aytek Rugs,new,10067,"Cappadocia rug"
10068,"Cappadocia rug",undefined USD,https://aytekrugs.com/rug/10068,[object Object],in stock,Aytek Rugs,new,10068,"Cappadocia rug"
10069,"Cappadocia rug",undefined USD,https://aytekrugs.com/rug/10069,[object Object],in stock,Aytek Rugs,new,10069,"Cappadocia rug"
10070,"Cappadocia rug",undefined USD,https://aytekrugs.com/rug/10070,[object Object],in stock,Aytek Rugs,new,10070,"Cappadocia rug"
10071,"Cappadocia rug",undefined USD,https://aytekrugs.com/rug/10071,[object Object],in stock,Aytek Rugs,new,10071,"Cappadocia rug"
10072,"Cappadocia rug",undefined USD,https://aytekrugs.com/rug/10072,[object Object],in stock,Aytek Rugs,new,10072,"Cappadocia rug"
10073,"Cappadocia rug",undefined USD,https://aytekrugs.com/rug/10073,[object Object],in stock,Aytek Rugs,new,10073,"Cappadocia rug"
10074,"Cappadocia rug",undefined USD,https://aytekrugs.com/rug/10074,[object Object],in stock,Aytek Rugs,new,10074,"Cappadocia rug"
10076,"Cappadocia rug",undefined USD,https://aytekrugs.com/rug/10076,[object Object],in stock,Aytek Rugs,new,10076,"Cappadocia rug"
10077,"Cappadocia rug",undefined USD,https://aytekrugs.com/rug/10077,[object Object],in stock,Aytek Rugs,new,10077,"Cappadocia rug"
10078,"Cappadocia rug",undefined USD,https://aytekrugs.com/rug/10078,[object Object],in stock,Aytek Rugs,new,10078,"Cappadocia rug"
10080,"Cappadocia rug",undefined USD,https://aytekrugs.com/rug/10080,[object Object],in stock,Aytek Rugs,new,10080,"Cappadocia rug"
10081,"Cappadocia rug",undefined USD,https://aytekrugs.com/rug/10081,[object Object],in stock,Aytek Rugs,new,10081,"Cappadocia rug"
10082,"Cappadocia rug",undefined USD,https://aytekrugs.com/rug/10082,[object Object],in stock,Aytek Rugs,new,10082,"Cappadocia rug"
10083,"Cappadocia rug",undefined USD,https://aytekrugs.com/rug/10083,[object Object],in stock,Aytek Rugs,new,10083,"Cappadocia rug"
10085,"Cappadocia rug",undefined USD,https://aytekrugs.com/rug/10085,[object Object],in stock,Aytek Rugs,new,10085,"Cappadocia rug"
10087,"Cappadocia rug",undefined USD,https://aytekrugs.com/rug/10087,[object Object],in stock,Aytek Rugs,new,10087,"Cappadocia rug"
10089,"Cappadocia rug",undefined USD,https://aytekrugs.com/rug/10089,[object Object],in stock,Aytek Rugs,new,10089,"Cappadocia rug"
10090,"Cappadocia rug",undefined USD,https://aytekrugs.com/rug/10090,[object Object],in stock,Aytek Rugs,new,10090,"Cappadocia rug"
10091,"Cappadocia rug",undefined USD,https://aytekrugs.com/rug/10091,[object Object],in stock,Aytek Rugs,new,10091,"Cappadocia rug"
10093,"Cappadocia rug",undefined USD,https://aytekrugs.com/rug/10093,[object Object],in stock,Aytek Rugs,new,10093,"Cappadocia rug"
10094,"Cappadocia rug",undefined USD,https://aytekrugs.com/rug/10094,[object Object],in stock,Aytek Rugs,new,10094,"Cappadocia rug"
10095,"Cappadocia rug",undefined USD,https://aytekrugs.com/rug/10095,[object Object],in stock,Aytek Rugs,new,10095,"Cappadocia rug"
10096,"Cappadocia rug",undefined USD,https://aytekrugs.com/rug/10096,[object Object],in stock,Aytek Rugs,new,10096,"Cappadocia rug"
10097,"Cappadocia rug",undefined USD,https://aytekrugs.com/rug/10097,[object Object],in stock,Aytek Rugs,new,10097,"Cappadocia rug"
10098,"Cappadocia rug",undefined USD,https://aytekrugs.com/rug/10098,[object Object],in stock,Aytek Rugs,new,10098,"Cappadocia rug"
10099,"Cappadocia rug",undefined USD,https://aytekrugs.com/rug/10099,[object Object],in stock,Aytek Rugs,new,10099,"Cappadocia rug"
10100,"Cappadocia rug",undefined USD,https://aytekrugs.com/rug/10100,[object Object],in stock,Aytek Rugs,new,10100,"Cappadocia rug"
10101,"Cappadocia rug",undefined USD,https://aytekrugs.com/rug/10101,[object Object],in stock,Aytek Rugs,new,10101,"Cappadocia rug"
10102,"Cappadocia rug",undefined USD,https://aytekrugs.com/rug/10102,[object Object],in stock,Aytek Rugs,new,10102,"Cappadocia rug"
10103,"Cappadocia rug",undefined USD,https://aytekrugs.com/rug/10103,[object Object],in stock,Aytek Rugs,new,10103,"Cappadocia rug"
10104,"Cappadocia rug",undefined USD,https://aytekrugs.com/rug/10104,[object Object],in stock,Aytek Rugs,new,10104,"Cappadocia rug"
10107,"Cappadocia rug",undefined USD,https://aytekrugs.com/rug/10107,[object Object],in stock,Aytek Rugs,new,10107,"Cappadocia rug"
10108,"Cappadocia rug",undefined USD,https://aytekrugs.com/rug/10108,[object Object],in stock,Aytek Rugs,new,10108,"Cappadocia rug"
10109,"Cappadocia rug",undefined USD,https://aytekrugs.com/rug/10109,[object Object],in stock,Aytek Rugs,new,10109,"Cappadocia rug"
10105,"Cappadocia rug",undefined USD,https://aytekrugs.com/rug/10105,[object Object],in stock,Aytek Rugs,new,10105,"Cappadocia rug"
10106,"Cappadocia rug",undefined USD,https://aytekrugs.com/rug/10106,[object Object],in stock,Aytek Rugs,new,10106,"Cappadocia rug"
10111,"Cappadocia rug",undefined USD,https://aytekrugs.com/rug/10111,[object Object],in stock,Aytek Rugs,new,10111,"Cappadocia rug"
10110,"Cappadocia rug",undefined USD,https://aytekrugs.com/rug/10110,[object Object],in stock,Aytek Rugs,new,10110,"Cappadocia rug"
10112,"Cappadocia rug",undefined USD,https://aytekrugs.com/rug/10112,[object Object],in stock,Aytek Rugs,new,10112,"Cappadocia rug"
10113,"Cappadocia rug",undefined USD,https://aytekrugs.com/rug/10113,[object Object],in stock,Aytek Rugs,new,10113,"Cappadocia rug"
10114,"Cappadocia rug",undefined USD,https://aytekrugs.com/rug/10114,[object Object],in stock,Aytek Rugs,new,10114,"Cappadocia rug"
10115,"Cappadocia rug",undefined USD,https://aytekrugs.com/rug/10115,[object Object],in stock,Aytek Rugs,new,10115,"Cappadocia rug"
10116,"Cappadocia rug",undefined USD,https://aytekrugs.com/rug/10116,[object Object],in stock,Aytek Rugs,new,10116,"Cappadocia rug"
10117,"Cappadocia rug",undefined USD,https://aytekrugs.com/rug/10117,[object Object],in stock,Aytek Rugs,new,10117,"Cappadocia rug"
10118,"Cappadocia rug",undefined USD,https://aytekrugs.com/rug/10118,[object Object],in stock,Aytek Rugs,new,10118,"Cappadocia rug"
10121,"Cappadocia rug",undefined USD,https://aytekrugs.com/rug/10121,[object Object],in stock,Aytek Rugs,new,10121,"Cappadocia rug"
10120,"Cappadocia rug",undefined USD,https://aytekrugs.com/rug/10120,[object Object],in stock,Aytek Rugs,new,10120,"Cappadocia rug"
10122,"Cappadocia rug",undefined USD,https://aytekrugs.com/rug/10122,[object Object],in stock,Aytek Rugs,new,10122,"Cappadocia rug"
10123,"Cappadocia rug",undefined USD,https://aytekrugs.com/rug/10123,[object Object],in stock,Aytek Rugs,new,10123,"Cappadocia rug"
10124,"Cappadocia rug",undefined USD,https://aytekrugs.com/rug/10124,[object Object],in stock,Aytek Rugs,new,10124,"Cappadocia rug"
10125,"Cappadocia rug",undefined USD,https://aytekrugs.com/rug/10125,[object Object],in stock,Aytek Rugs,new,10125,"Cappadocia rug"
10126,"Cappadocia rug",undefined USD,https://aytekrugs.com/rug/10126,[object Object],in stock,Aytek Rugs,new,10126,"Cappadocia rug"
10127,"Cappadocia rug",undefined USD,https://aytekrugs.com/rug/10127,[object Object],in stock,Aytek Rugs,new,10127,"Cappadocia rug"
10128,"Cappadocia rug",undefined USD,https://aytekrugs.com/rug/10128,[object Object],in stock,Aytek Rugs,new,10128,"Cappadocia rug"
10129,"Cappadocia rug",undefined USD,https://aytekrugs.com/rug/10129,[object Object],in stock,Aytek Rugs,new,10129,"Cappadocia rug"
10130,"Cappadocia rug",undefined USD,https://aytekrugs.com/rug/10130,[object Object],in stock,Aytek Rugs,new,10130,"Cappadocia rug"
10131,"Cappadocia rug",undefined USD,https://aytekrugs.com/rug/10131,[object Object],in stock,Aytek Rugs,new,10131,"Cappadocia rug"
10132,"Cappadocia rug",undefined USD,https://aytekrugs.com/rug/10132,[object Object],in stock,Aytek Rugs,new,10132,"Cappadocia rug"
10133,"Cappadocia rug",undefined USD,https://aytekrugs.com/rug/10133,[object Object],in stock,Aytek Rugs,new,10133,"Cappadocia rug"
10134,"Cappadocia rug",undefined USD,https://aytekrugs.com/rug/10134,[object Object],in stock,Aytek Rugs,new,10134,"Cappadocia rug"
10135,"Cappadocia rug",undefined USD,https://aytekrugs.com/rug/10135,[object Object],in stock,Aytek Rugs,new,10135,"Cappadocia rug"
10137,"Cappadocia rug",undefined USD,https://aytekrugs.com/rug/10137,[object Object],in stock,Aytek Rugs,new,10137,"Cappadocia rug"
10139,"Cappadocia rug",undefined USD,https://aytekrugs.com/rug/10139,[object Object],in stock,Aytek Rugs,new,10139,"Cappadocia rug"
10140,"Cappadocia rug",undefined USD,https://aytekrugs.com/rug/10140,[object Object],in stock,Aytek Rugs,new,10140,"Cappadocia rug"
10141,"Cappadocia rug",undefined USD,https://aytekrugs.com/rug/10141,[object Object],in stock,Aytek Rugs,new,10141,"Cappadocia rug"
10142,"Cappadocia rug",undefined USD,https://aytekrugs.com/rug/10142,[object Object],in stock,Aytek Rugs,new,10142,"Cappadocia rug"
10143,"Cappadocia rug",undefined USD,https://aytekrugs.com/rug/10143,[object Object],in stock,Aytek Rugs,new,10143,"Cappadocia rug"
10145,"Cappadocia rug",undefined USD,https://aytekrugs.com/rug/10145,[object Object],in stock,Aytek Rugs,new,10145,"Cappadocia rug"
10146,"Cappadocia rug",undefined USD,https://aytekrugs.com/rug/10146,[object Object],in stock,Aytek Rugs,new,10146,"Cappadocia rug"
10147,"Cappadocia rug",undefined USD,https://aytekrugs.com/rug/10147,[object Object],in stock,Aytek Rugs,new,10147,"Cappadocia rug"
10148,"Cappadocia rug",undefined USD,https://aytekrugs.com/rug/10148,[object Object],in stock,Aytek Rugs,new,10148,"Cappadocia rug"
10150,"Cappadocia rug",undefined USD,https://aytekrugs.com/rug/10150,[object Object],in stock,Aytek Rugs,new,10150,"Cappadocia rug"
10151,"Cappadocia rug",undefined USD,https://aytekrugs.com/rug/10151,[object Object],in stock,Aytek Rugs,new,10151,"Cappadocia rug"
10152,"Cappadocia rug",undefined USD,https://aytekrugs.com/rug/10152,[object Object],in stock,Aytek Rugs,new,10152,"Cappadocia rug"
10153,"Cappadocia rug",undefined USD,https://aytekrugs.com/rug/10153,[object Object],in stock,Aytek Rugs,new,10153,"Cappadocia rug"
10155,"Cappadocia rug",undefined USD,https://aytekrugs.com/rug/10155,[object Object],in stock,Aytek Rugs,new,10155,"Cappadocia rug"
10156,"Cappadocia rug",undefined USD,https://aytekrugs.com/rug/10156,[object Object],in stock,Aytek Rugs,new,10156,"Cappadocia rug"
10157,"Cappadocia rug",undefined USD,https://aytekrugs.com/rug/10157,[object Object],in stock,Aytek Rugs,new,10157,"Cappadocia rug"
10158,"Cappadocia rug",undefined USD,https://aytekrugs.com/rug/10158,[object Object],in stock,Aytek Rugs,new,10158,"Cappadocia rug"
10160,"Cappadocia rug",undefined USD,https://aytekrugs.com/rug/10160,[object Object],in stock,Aytek Rugs,new,10160,"Cappadocia rug"
10161,"Cappadocia rug",undefined USD,https://aytekrugs.com/rug/10161,[object Object],in stock,Aytek Rugs,new,10161,"Cappadocia rug"
10163,"Cappadocia rug",undefined USD,https://aytekrugs.com/rug/10163,[object Object],in stock,Aytek Rugs,new,10163,"Cappadocia rug"
10164,"Cappadocia rug",undefined USD,https://aytekrugs.com/rug/10164,[object Object],in stock,Aytek Rugs,new,10164,"Cappadocia rug"
10165,"Cappadocia rug",undefined USD,https://aytekrugs.com/rug/10165,[object Object],in stock,Aytek Rugs,new,10165,"Cappadocia rug"
10166,"Cappadocia rug",undefined USD,https://aytekrugs.com/rug/10166,[object Object],in stock,Aytek Rugs,new,10166,"Cappadocia rug"
10167,"Cappadocia rug",undefined USD,https://aytekrugs.com/rug/10167,[object Object],in stock,Aytek Rugs,new,10167,"Cappadocia rug"
10168,"Cappadocia rug",undefined USD,https://aytekrugs.com/rug/10168,[object Object],in stock,Aytek Rugs,new,10168,"Cappadocia rug"
10169,"Cappadocia rug",undefined USD,https://aytekrugs.com/rug/10169,[object Object],in stock,Aytek Rugs,new,10169,"Cappadocia rug"
10170,"Cappadocia rug",undefined USD,https://aytekrugs.com/rug/10170,[object Object],in stock,Aytek Rugs,new,10170,"Cappadocia rug"
10171,"Cappadocia rug",undefined USD,https://aytekrugs.com/rug/10171,[object Object],in stock,Aytek Rugs,new,10171,"Cappadocia rug"
10172,"Cappadocia rug",undefined USD,https://aytekrugs.com/rug/10172,[object Object],in stock,Aytek Rugs,new,10172,"Cappadocia rug"
10173,"Cappadocia rug",undefined USD,https://aytekrugs.com/rug/10173,[object Object],in stock,Aytek Rugs,new,10173,"Cappadocia rug"
10174,"Cappadocia rug",undefined USD,https://aytekrugs.com/rug/10174,[object Object],in stock,Aytek Rugs,new,10174,"Cappadocia rug"
10175,"Cappadocia rug",undefined USD,https://aytekrugs.com/rug/10175,[object Object],in stock,Aytek Rugs,new,10175,"Cappadocia rug"
10176,"Cappadocia rug",undefined USD,https://aytekrugs.com/rug/10176,[object Object],in stock,Aytek Rugs,new,10176,"Cappadocia rug"
10180,"Cappadocia rug",undefined USD,https://aytekrugs.com/rug/10180,[object Object],in stock,Aytek Rugs,new,10180,"Cappadocia rug"
10181,"Cappadocia rug",undefined USD,https://aytekrugs.com/rug/10181,[object Object],in stock,Aytek Rugs,new,10181,"Cappadocia rug"
10182,"Cappadocia rug",undefined USD,https://aytekrugs.com/rug/10182,[object Object],in stock,Aytek Rugs,new,10182,"Cappadocia rug"
10183,"Cappadocia rug",undefined USD,https://aytekrugs.com/rug/10183,[object Object],in stock,Aytek Rugs,new,10183,"Cappadocia rug"
10185,"Cappadocia rug",undefined USD,https://aytekrugs.com/rug/10185,[object Object],in stock,Aytek Rugs,new,10185,"Cappadocia rug"
10184,"Cappadocia rug",undefined USD,https://aytekrugs.com/rug/10184,[object Object],in stock,Aytek Rugs,new,10184,"Cappadocia rug"
10186,"Cappadocia rug",undefined USD,https://aytekrugs.com/rug/10186,[object Object],in stock,Aytek Rugs,new,10186,"Cappadocia rug"
10188,"Cappadocia rug",undefined USD,https://aytekrugs.com/rug/10188,[object Object],in stock,Aytek Rugs,new,10188,"Cappadocia rug"
10189,"Cappadocia rug",undefined USD,https://aytekrugs.com/rug/10189,[object Object],in stock,Aytek Rugs,new,10189,"Cappadocia rug"
10190,"Cappadocia rug",undefined USD,https://aytekrugs.com/rug/10190,[object Object],in stock,Aytek Rugs,new,10190,"Cappadocia rug"
10191,"Cappadocia rug",undefined USD,https://aytekrugs.com/rug/10191,[object Object],in stock,Aytek Rugs,new,10191,"Cappadocia rug"
10192,"Cappadocia rug",undefined USD,https://aytekrugs.com/rug/10192,[object Object],in stock,Aytek Rugs,new,10192,"Cappadocia rug"
10193,"Cappadocia rug",undefined USD,https://aytekrugs.com/rug/10193,[object Object],in stock,Aytek Rugs,new,10193,"Cappadocia rug"
10194,"Cappadocia rug",undefined USD,https://aytekrugs.com/rug/10194,[object Object],in stock,Aytek Rugs,new,10194,"Cappadocia rug"
10195,"Cappadocia rug",undefined USD,https://aytekrugs.com/rug/10195,[object Object],in stock,Aytek Rugs,new,10195,"Cappadocia rug"
10196,"Cappadocia rug",undefined USD,https://aytekrugs.com/rug/10196,[object Object],in stock,Aytek Rugs,new,10196,"Cappadocia rug"
10197,"Cappadocia rug",undefined USD,https://aytekrugs.com/rug/10197,[object Object],in stock,Aytek Rugs,new,10197,"Cappadocia rug"
10198,"Cappadocia rug",undefined USD,https://aytekrugs.com/rug/10198,[object Object],in stock,Aytek Rugs,new,10198,"Cappadocia rug"
10199,"Cappadocia rug",undefined USD,https://aytekrugs.com/rug/10199,[object Object],in stock,Aytek Rugs,new,10199,"Cappadocia rug"
10200,"Cappadocia rug",undefined USD,https://aytekrugs.com/rug/10200,[object Object],in stock,Aytek Rugs,new,10200,"Cappadocia rug"
10201,"Cappadocia rug",undefined USD,https://aytekrugs.com/rug/10201,[object Object],in stock,Aytek Rugs,new,10201,"Cappadocia rug"
10202,"Cappadocia rug",undefined USD,https://aytekrugs.com/rug/10202,[object Object],in stock,Aytek Rugs,new,10202,"Cappadocia rug"
10203,"Cappadocia rug",undefined USD,https://aytekrugs.com/rug/10203,[object Object],in stock,Aytek Rugs,new,10203,"Cappadocia rug"
10204,"Cappadocia rug",undefined USD,https://aytekrugs.com/rug/10204,[object Object],in stock,Aytek Rugs,new,10204,"Cappadocia rug"
10205,"Cappadocia rug",undefined USD,https://aytekrugs.com/rug/10205,[object Object],in stock,Aytek Rugs,new,10205,"Cappadocia rug"
10206,"Cappadocia rug",undefined USD,https://aytekrugs.com/rug/10206,[object Object],in stock,Aytek Rugs,new,10206,"Cappadocia rug"
10207,"Cappadocia rug",undefined USD,https://aytekrugs.com/rug/10207,[object Object],in stock,Aytek Rugs,new,10207,"Cappadocia rug"
10208,"Cappadocia rug",undefined USD,https://aytekrugs.com/rug/10208,[object Object],in stock,Aytek Rugs,new,10208,"Cappadocia rug"
10209,"Cappadocia rug",undefined USD,https://aytekrugs.com/rug/10209,[object Object],in stock,Aytek Rugs,new,10209,"Cappadocia rug"
10210,"Cappadocia rug",undefined USD,https://aytekrugs.com/rug/10210,[object Object],in stock,Aytek Rugs,new,10210,"Cappadocia rug"
10211,"Cappadocia rug",undefined USD,https://aytekrugs.com/rug/10211,[object Object],in stock,Aytek Rugs,new,10211,"Cappadocia rug"
10212,"Cappadocia rug",undefined USD,https://aytekrugs.com/rug/10212,[object Object],in stock,Aytek Rugs,new,10212,"Cappadocia rug"
10213,"Cappadocia rug",undefined USD,https://aytekrugs.com/rug/10213,[object Object],in stock,Aytek Rugs,new,10213,"Cappadocia rug"
10214,"Cappadocia rug",undefined USD,https://aytekrugs.com/rug/10214,[object Object],in stock,Aytek Rugs,new,10214,"Cappadocia rug"
10223,"Cappadocia rug",undefined USD,https://aytekrugs.com/rug/10223,[object Object],in stock,Aytek Rugs,new,10223,"Cappadocia rug"
10217,"Cappadocia rug",undefined USD,https://aytekrugs.com/rug/10217,[object Object],in stock,Aytek Rugs,new,10217,"Cappadocia rug"
10215,"Cappadocia rug",undefined USD,https://aytekrugs.com/rug/10215,[object Object],in stock,Aytek Rugs,new,10215,"Cappadocia rug"
10216,"Cappadocia rug",undefined USD,https://aytekrugs.com/rug/10216,[object Object],in stock,Aytek Rugs,new,10216,"Cappadocia rug"
10218,"Cappadocia rug",undefined USD,https://aytekrugs.com/rug/10218,[object Object],in stock,Aytek Rugs,new,10218,"Cappadocia rug"
10222,"Cappadocia rug",undefined USD,https://aytekrugs.com/rug/10222,[object Object],in stock,Aytek Rugs,new,10222,"Cappadocia rug"
10220,"Cappadocia rug",undefined USD,https://aytekrugs.com/rug/10220,[object Object],in stock,Aytek Rugs,new,10220,"Cappadocia rug"
10221,"Cappadocia rug",undefined USD,https://aytekrugs.com/rug/10221,[object Object],in stock,Aytek Rugs,new,10221,"Cappadocia rug"
10224,"Cappadocia rug",undefined USD,https://aytekrugs.com/rug/10224,[object Object],in stock,Aytek Rugs,new,10224,"Cappadocia rug"
10225,"Cappadocia rug",undefined USD,https://aytekrugs.com/rug/10225,[object Object],in stock,Aytek Rugs,new,10225,"Cappadocia rug"
10226,"Cappadocia rug",undefined USD,https://aytekrugs.com/rug/10226,[object Object],in stock,Aytek Rugs,new,10226,"Cappadocia rug"
10228,"Cappadocia rug",undefined USD,https://aytekrugs.com/rug/10228,[object Object],in stock,Aytek Rugs,new,10228,"Cappadocia rug"
10227,"Cappadocia rug",undefined USD,https://aytekrugs.com/rug/10227,[object Object],in stock,Aytek Rugs,new,10227,"Cappadocia rug"
10229,"Cappadocia rug",undefined USD,https://aytekrugs.com/rug/10229,[object Object],in stock,Aytek Rugs,new,10229,"Cappadocia rug"
10230,"Cappadocia rug",undefined USD,https://aytekrugs.com/rug/10230,[object Object],in stock,Aytek Rugs,new,10230,"Cappadocia rug"
10231,"Cappadocia rug",undefined USD,https://aytekrugs.com/rug/10231,[object Object],in stock,Aytek Rugs,new,10231,"Cappadocia rug"
10232,"Cappadocia rug",undefined USD,https://aytekrugs.com/rug/10232,[object Object],in stock,Aytek Rugs,new,10232,"Cappadocia rug"
10235,"Cappadocia rug",undefined USD,https://aytekrugs.com/rug/10235,[object Object],in stock,Aytek Rugs,new,10235,"Cappadocia rug"
10236,"Cappadocia rug",undefined USD,https://aytekrugs.com/rug/10236,[object Object],in stock,Aytek Rugs,new,10236,"Cappadocia rug"
10237,"Cappadocia rug",undefined USD,https://aytekrugs.com/rug/10237,[object Object],in stock,Aytek Rugs,new,10237,"Cappadocia rug"
10238,"Cappadocia rug",undefined USD,https://aytekrugs.com/rug/10238,[object Object],in stock,Aytek Rugs,new,10238,"Cappadocia rug"
10239,"Cappadocia rug",undefined USD,https://aytekrugs.com/rug/10239,[object Object],in stock,Aytek Rugs,new,10239,"Cappadocia rug"
10241,"Cappadocia rug",undefined USD,https://aytekrugs.com/rug/10241,[object Object],in stock,Aytek Rugs,new,10241,"Cappadocia rug"
10242,"Cappadocia rug",undefined USD,https://aytekrugs.com/rug/10242,[object Object],in stock,Aytek Rugs,new,10242,"Cappadocia rug"
10243,"Cappadocia rug",undefined USD,https://aytekrugs.com/rug/10243,[object Object],in stock,Aytek Rugs,new,10243,"Cappadocia rug"
10245,"Cappadocia rug",undefined USD,https://aytekrugs.com/rug/10245,[object Object],in stock,Aytek Rugs,new,10245,"Cappadocia rug"
10246,"Cappadocia rug",undefined USD,https://aytekrugs.com/rug/10246,[object Object],in stock,Aytek Rugs,new,10246,"Cappadocia rug"
10247,"Cappadocia rug",undefined USD,https://aytekrugs.com/rug/10247,[object Object],in stock,Aytek Rugs,new,10247,"Cappadocia rug"
10248,"Cappadocia rug",undefined USD,https://aytekrugs.com/rug/10248,[object Object],in stock,Aytek Rugs,new,10248,"Cappadocia rug"
10249,"Cappadocia rug",undefined USD,https://aytekrugs.com/rug/10249,[object Object],in stock,Aytek Rugs,new,10249,"Cappadocia rug"
10250,"Cappadocia rug",undefined USD,https://aytekrugs.com/rug/10250,[object Object],in stock,Aytek Rugs,new,10250,"Cappadocia rug"
10251,"Cappadocia rug",undefined USD,https://aytekrugs.com/rug/10251,[object Object],in stock,Aytek Rugs,new,10251,"Cappadocia rug"
10252,"Cappadocia rug",undefined USD,https://aytekrugs.com/rug/10252,[object Object],in stock,Aytek Rugs,new,10252,"Cappadocia rug"
10253,"Cappadocia rug",undefined USD,https://aytekrugs.com/rug/10253,[object Object],in stock,Aytek Rugs,new,10253,"Cappadocia rug"
10254,"Cappadocia rug",undefined USD,https://aytekrugs.com/rug/10254,[object Object],in stock,Aytek Rugs,new,10254,"Cappadocia rug"
10255,"Cappadocia rug",undefined USD,https://aytekrugs.com/rug/10255,[object Object],in stock,Aytek Rugs,new,10255,"Cappadocia rug"
10257,"Cappadocia rug",undefined USD,https://aytekrugs.com/rug/10257,[object Object],in stock,Aytek Rugs,new,10257,"Cappadocia rug"
10258,"Cappadocia rug",undefined USD,https://aytekrugs.com/rug/10258,[object Object],in stock,Aytek Rugs,new,10258,"Cappadocia rug"
10259,"Cappadocia rug",undefined USD,https://aytekrugs.com/rug/10259,[object Object],in stock,Aytek Rugs,new,10259,"Cappadocia rug"
10260,"Cappadocia rug",undefined USD,https://aytekrugs.com/rug/10260,[object Object],in stock,Aytek Rugs,new,10260,"Cappadocia rug"
10261,"Cappadocia rug",undefined USD,https://aytekrugs.com/rug/10261,[object Object],in stock,Aytek Rugs,new,10261,"Cappadocia rug"
10262,"Cappadocia rug",undefined USD,https://aytekrugs.com/rug/10262,[object Object],in stock,Aytek Rugs,new,10262,"Cappadocia rug"
10263,"Cappadocia rug",undefined USD,https://aytekrugs.com/rug/10263,[object Object],in stock,Aytek Rugs,new,10263,"Cappadocia rug"
10265,"Cappadocia rug",undefined USD,https://aytekrugs.com/rug/10265,[object Object],in stock,Aytek Rugs,new,10265,"Cappadocia rug"
10269,"Cappadocia rug",undefined USD,https://aytekrugs.com/rug/10269,[object Object],in stock,Aytek Rugs,new,10269,"Cappadocia rug"
10267,"Cappadocia rug",undefined USD,https://aytekrugs.com/rug/10267,[object Object],in stock,Aytek Rugs,new,10267,"Cappadocia rug"
10270,"Cappadocia rug",undefined USD,https://aytekrugs.com/rug/10270,[object Object],in stock,Aytek Rugs,new,10270,"Cappadocia rug"
10271,"Cappadocia rug",undefined USD,https://aytekrugs.com/rug/10271,[object Object],in stock,Aytek Rugs,new,10271,"Cappadocia rug"
10274,"Cappadocia rug",undefined USD,https://aytekrugs.com/rug/10274,[object Object],in stock,Aytek Rugs,new,10274,"Cappadocia rug"
10281,"Cappadocia rug",undefined USD,https://aytekrugs.com/rug/10281,[object Object],in stock,Aytek Rugs,new,10281,"Cappadocia rug"
10280,"Cappadocia rug",undefined USD,https://aytekrugs.com/rug/10280,[object Object],in stock,Aytek Rugs,new,10280,"Cappadocia rug"
10278,"Cappadocia rug",undefined USD,https://aytekrugs.com/rug/10278,[object Object],in stock,Aytek Rugs,new,10278,"Cappadocia rug"
10277,"Cappadocia rug",undefined USD,https://aytekrugs.com/rug/10277,[object Object],in stock,Aytek Rugs,new,10277,"Cappadocia rug"
10276,"Cappadocia rug",undefined USD,https://aytekrugs.com/rug/10276,[object Object],in stock,Aytek Rugs,new,10276,"Cappadocia rug"
10273,"Cappadocia rug",undefined USD,https://aytekrugs.com/rug/10273,[object Object],in stock,Aytek Rugs,new,10273,"Cappadocia rug"
10283,"Cappadocia rug",undefined USD,https://aytekrugs.com/rug/10283,[object Object],in stock,Aytek Rugs,new,10283,"Cappadocia rug"
10284,"Cappadocia rug",undefined USD,https://aytekrugs.com/rug/10284,[object Object],in stock,Aytek Rugs,new,10284,"Cappadocia rug"
10285,"Cappadocia rug",undefined USD,https://aytekrugs.com/rug/10285,[object Object],in stock,Aytek Rugs,new,10285,"Cappadocia rug"
10286,"Cappadocia rug",undefined USD,https://aytekrugs.com/rug/10286,[object Object],in stock,Aytek Rugs,new,10286,"Cappadocia rug"
10288,"Cappadocia rug",undefined USD,https://aytekrugs.com/rug/10288,[object Object],in stock,Aytek Rugs,new,10288,"Cappadocia rug"
10290,"Cappadocia rug",undefined USD,https://aytekrugs.com/rug/10290,[object Object],in stock,Aytek Rugs,new,10290,"Cappadocia rug"
10291,"Cappadocia rug",undefined USD,https://aytekrugs.com/rug/10291,[object Object],in stock,Aytek Rugs,new,10291,"Cappadocia rug"
10292,"Cappadocia rug",undefined USD,https://aytekrugs.com/rug/10292,[object Object],in stock,Aytek Rugs,new,10292,"Cappadocia rug"
10299,"Cappadocia rug",undefined USD,https://aytekrugs.com/rug/10299,[object Object],in stock,Aytek Rugs,new,10299,"Cappadocia rug"
10298,"Cappadocia rug",undefined USD,https://aytekrugs.com/rug/10298,[object Object],in stock,Aytek Rugs,new,10298,"Cappadocia rug"
10306,"Cappadocia rug",undefined USD,https://aytekrugs.com/rug/10306,[object Object],in stock,Aytek Rugs,new,10306,"Cappadocia rug"
10301,"Cappadocia rug",undefined USD,https://aytekrugs.com/rug/10301,[object Object],in stock,Aytek Rugs,new,10301,"Cappadocia rug"
10295,"Cappadocia rug",undefined USD,https://aytekrugs.com/rug/10295,[object Object],in stock,Aytek Rugs,new,10295,"Cappadocia rug"
10303,"Cappadocia rug",undefined USD,https://aytekrugs.com/rug/10303,[object Object],in stock,Aytek Rugs,new,10303,"Cappadocia rug"
10305,"Cappadocia rug",undefined USD,https://aytekrugs.com/rug/10305,[object Object],in stock,Aytek Rugs,new,10305,"Cappadocia rug"
10302,"Cappadocia rug",undefined USD,https://aytekrugs.com/rug/10302,[object Object],in stock,Aytek Rugs,new,10302,"Cappadocia rug"
10294,"Cappadocia rug",undefined USD,https://aytekrugs.com/rug/10294,[object Object],in stock,Aytek Rugs,new,10294,"Cappadocia rug"
10307,"Cappadocia rug",undefined USD,https://aytekrugs.com/rug/10307,[object Object],in stock,Aytek Rugs,new,10307,"Cappadocia rug"
10308,"Cappadocia rug",undefined USD,https://aytekrugs.com/rug/10308,[object Object],in stock,Aytek Rugs,new,10308,"Cappadocia rug"
10309,"Cappadocia rug",undefined USD,https://aytekrugs.com/rug/10309,[object Object],in stock,Aytek Rugs,new,10309,"Cappadocia rug"
10311,"Cappadocia rug",undefined USD,https://aytekrugs.com/rug/10311,[object Object],in stock,Aytek Rugs,new,10311,"Cappadocia rug"
10313,"Cappadocia rug",undefined USD,https://aytekrugs.com/rug/10313,[object Object],in stock,Aytek Rugs,new,10313,"Cappadocia rug"
10314,"Cappadocia rug",undefined USD,https://aytekrugs.com/rug/10314,[object Object],in stock,Aytek Rugs,new,10314,"Cappadocia rug"
10315,"Cappadocia rug",undefined USD,https://aytekrugs.com/rug/10315,[object Object],in stock,Aytek Rugs,new,10315,"Cappadocia rug"
10317,"Cappadocia rug",undefined USD,https://aytekrugs.com/rug/10317,[object Object],in stock,Aytek Rugs,new,10317,"Cappadocia rug"
10318,"Cappadocia rug",undefined USD,https://aytekrugs.com/rug/10318,[object Object],in stock,Aytek Rugs,new,10318,"Cappadocia rug"
10320,"Cappadocia rug",undefined USD,https://aytekrugs.com/rug/10320,[object Object],in stock,Aytek Rugs,new,10320,"Cappadocia rug"
10321,"Cappadocia rug",undefined USD,https://aytekrugs.com/rug/10321,[object Object],in stock,Aytek Rugs,new,10321,"Cappadocia rug"
10323,"Cappadocia rug",undefined USD,https://aytekrugs.com/rug/10323,[object Object],in stock,Aytek Rugs,new,10323,"Cappadocia rug"
10325,"Cappadocia rug",undefined USD,https://aytekrugs.com/rug/10325,[object Object],in stock,Aytek Rugs,new,10325,"Cappadocia rug"
10327,"Cappadocia rug",undefined USD,https://aytekrugs.com/rug/10327,[object Object],in stock,Aytek Rugs,new,10327,"Cappadocia rug"
10328,"Cappadocia rug",undefined USD,https://aytekrugs.com/rug/10328,[object Object],in stock,Aytek Rugs,new,10328,"Cappadocia rug"
10329,"Cappadocia rug",undefined USD,https://aytekrugs.com/rug/10329,[object Object],in stock,Aytek Rugs,new,10329,"Cappadocia rug"
10331,"Cappadocia rug",undefined USD,https://aytekrugs.com/rug/10331,[object Object],in stock,Aytek Rugs,new,10331,"Cappadocia rug"
10332,"Cappadocia rug",undefined USD,https://aytekrugs.com/rug/10332,[object Object],in stock,Aytek Rugs,new,10332,"Cappadocia rug"
10333,"Cappadocia rug",undefined USD,https://aytekrugs.com/rug/10333,[object Object],in stock,Aytek Rugs,new,10333,"Cappadocia rug"
10340,"Cappadocia rug",undefined USD,https://aytekrugs.com/rug/10340,[object Object],in stock,Aytek Rugs,new,10340,"Cappadocia rug"
10341,"Cappadocia rug",undefined USD,https://aytekrugs.com/rug/10341,[object Object],in stock,Aytek Rugs,new,10341,"Cappadocia rug"
10342,"Cappadocia rug",undefined USD,https://aytekrugs.com/rug/10342,[object Object],in stock,Aytek Rugs,new,10342,"Cappadocia rug"
10346,"Cappadocia rug",undefined USD,https://aytekrugs.com/rug/10346,[object Object],in stock,Aytek Rugs,new,10346,"Cappadocia rug"
10345,"Cappadocia rug",undefined USD,https://aytekrugs.com/rug/10345,[object Object],in stock,Aytek Rugs,new,10345,"Cappadocia rug"
10347,"Cappadocia rug",undefined USD,https://aytekrugs.com/rug/10347,[object Object],in stock,Aytek Rugs,new,10347,"Cappadocia rug"
10349,"Cappadocia rug",undefined USD,https://aytekrugs.com/rug/10349,[object Object],in stock,Aytek Rugs,new,10349,"Cappadocia rug"
10350,"Cappadocia rug",undefined USD,https://aytekrugs.com/rug/10350,[object Object],in stock,Aytek Rugs,new,10350,"Cappadocia rug"
10351,"Cappadocia rug",undefined USD,https://aytekrugs.com/rug/10351,[object Object],in stock,Aytek Rugs,new,10351,"Cappadocia rug"
10354,"Cappadocia rug",undefined USD,https://aytekrugs.com/rug/10354,[object Object],in stock,Aytek Rugs,new,10354,"Cappadocia rug"
10356,"Cappadocia rug",undefined USD,https://aytekrugs.com/rug/10356,[object Object],in stock,Aytek Rugs,new,10356,"Cappadocia rug"
10355,"Cappadocia rug",undefined USD,https://aytekrugs.com/rug/10355,[object Object],in stock,Aytek Rugs,new,10355,"Cappadocia rug"
10357,"Cappadocia rug",undefined USD,https://aytekrugs.com/rug/10357,[object Object],in stock,Aytek Rugs,new,10357,"Cappadocia rug"
10358,"Cappadocia rug",undefined USD,https://aytekrugs.com/rug/10358,[object Object],in stock,Aytek Rugs,new,10358,"Cappadocia rug"
10359,"Cappadocia rug",undefined USD,https://aytekrugs.com/rug/10359,[object Object],in stock,Aytek Rugs,new,10359,"Cappadocia rug"
10363,"Cappadocia rug",undefined USD,https://aytekrugs.com/rug/10363,[object Object],in stock,Aytek Rugs,new,10363,"Cappadocia rug"
10364,"Cappadocia rug",undefined USD,https://aytekrugs.com/rug/10364,[object Object],in stock,Aytek Rugs,new,10364,"Cappadocia rug"
10367,"Cappadocia rug",undefined USD,https://aytekrugs.com/rug/10367,[object Object],in stock,Aytek Rugs,new,10367,"Cappadocia rug"
10369,"Cappadocia rug",undefined USD,https://aytekrugs.com/rug/10369,[object Object],in stock,Aytek Rugs,new,10369,"Cappadocia rug"
10370,"Cappadocia rug",undefined USD,https://aytekrugs.com/rug/10370,[object Object],in stock,Aytek Rugs,new,10370,"Cappadocia rug"
10371,"Cappadocia rug",undefined USD,https://aytekrugs.com/rug/10371,[object Object],in stock,Aytek Rugs,new,10371,"Cappadocia rug"
10373,"Cappadocia rug",undefined USD,https://aytekrugs.com/rug/10373,[object Object],in stock,Aytek Rugs,new,10373,"Cappadocia rug"
10374,"Cappadocia rug",undefined USD,https://aytekrugs.com/rug/10374,[object Object],in stock,Aytek Rugs,new,10374,"Cappadocia rug"
10375,"Cappadocia rug",undefined USD,https://aytekrugs.com/rug/10375,[object Object],in stock,Aytek Rugs,new,10375,"Cappadocia rug"
10376,"Cappadocia rug",undefined USD,https://aytekrugs.com/rug/10376,[object Object],in stock,Aytek Rugs,new,10376,"Cappadocia rug"
10377,"Cappadocia rug",undefined USD,https://aytekrugs.com/rug/10377,[object Object],in stock,Aytek Rugs,new,10377,"Cappadocia rug"
10378,"Cappadocia rug",undefined USD,https://aytekrugs.com/rug/10378,[object Object],in stock,Aytek Rugs,new,10378,"Cappadocia rug"
10380,"Cappadocia rug",undefined USD,https://aytekrugs.com/rug/10380,[object Object],in stock,Aytek Rugs,new,10380,"Cappadocia rug"
10381,"Cappadocia rug",undefined USD,https://aytekrugs.com/rug/10381,[object Object],in stock,Aytek Rugs,new,10381,"Cappadocia rug"
10382,"Cappadocia rug",undefined USD,https://aytekrugs.com/rug/10382,[object Object],in stock,Aytek Rugs,new,10382,"Cappadocia rug"
10383,"Cappadocia rug",undefined USD,https://aytekrugs.com/rug/10383,[object Object],in stock,Aytek Rugs,new,10383,"Cappadocia rug"
10384,"Cappadocia rug",undefined USD,https://aytekrugs.com/rug/10384,[object Object],in stock,Aytek Rugs,new,10384,"Cappadocia rug"
10385,"Cappadocia rug",undefined USD,https://aytekrugs.com/rug/10385,[object Object],in stock,Aytek Rugs,new,10385,"Cappadocia rug"
10386,"Cappadocia rug",undefined USD,https://aytekrugs.com/rug/10386,[object Object],in stock,Aytek Rugs,new,10386,"Cappadocia rug"
10388,"Cappadocia rug",undefined USD,https://aytekrugs.com/rug/10388,[object Object],in stock,Aytek Rugs,new,10388,"Cappadocia rug"
10389,"Cappadocia rug",undefined USD,https://aytekrugs.com/rug/10389,[object Object],in stock,Aytek Rugs,new,10389,"Cappadocia rug"
10390,"Cappadocia rug",undefined USD,https://aytekrugs.com/rug/10390,[object Object],in stock,Aytek Rugs,new,10390,"Cappadocia rug"
10391,"Cappadocia rug",undefined USD,https://aytekrugs.com/rug/10391,[object Object],in stock,Aytek Rugs,new,10391,"Cappadocia rug"
10392,"Cappadocia rug",undefined USD,https://aytekrugs.com/rug/10392,[object Object],in stock,Aytek Rugs,new,10392,"Cappadocia rug"
10393,"Cappadocia rug",undefined USD,https://aytekrugs.com/rug/10393,[object Object],in stock,Aytek Rugs,new,10393,"Cappadocia rug"
10394,"Cappadocia rug",undefined USD,https://aytekrugs.com/rug/10394,[object Object],in stock,Aytek Rugs,new,10394,"Cappadocia rug"
10398,"Cappadocia rug",undefined USD,https://aytekrugs.com/rug/10398,[object Object],in stock,Aytek Rugs,new,10398,"Cappadocia rug"
10399,"Cappadocia rug",undefined USD,https://aytekrugs.com/rug/10399,[object Object],in stock,Aytek Rugs,new,10399,"Cappadocia rug"
10401,"Cappadocia rug",undefined USD,https://aytekrugs.com/rug/10401,[object Object],in stock,Aytek Rugs,new,10401,"Cappadocia rug"
10402,"Cappadocia rug",undefined USD,https://aytekrugs.com/rug/10402,[object Object],in stock,Aytek Rugs,new,10402,"Cappadocia rug"
10404,"Cappadocia rug",undefined USD,https://aytekrugs.com/rug/10404,[object Object],in stock,Aytek Rugs,new,10404,"Cappadocia rug"
10403,"Cappadocia rug",undefined USD,https://aytekrugs.com/rug/10403,[object Object],in stock,Aytek Rugs,new,10403,"Cappadocia rug"
10405,"Cappadocia rug",undefined USD,https://aytekrugs.com/rug/10405,[object Object],in stock,Aytek Rugs,new,10405,"Cappadocia rug"
10406,"Cappadocia rug",undefined USD,https://aytekrugs.com/rug/10406,[object Object],in stock,Aytek Rugs,new,10406,"Cappadocia rug"
10407,"Cappadocia rug",undefined USD,https://aytekrugs.com/rug/10407,[object Object],in stock,Aytek Rugs,new,10407,"Cappadocia rug"
10408,"Cappadocia rug",undefined USD,https://aytekrugs.com/rug/10408,[object Object],in stock,Aytek Rugs,new,10408,"Cappadocia rug"
10409,"Cappadocia rug",undefined USD,https://aytekrugs.com/rug/10409,[object Object],in stock,Aytek Rugs,new,10409,"Cappadocia rug"
10410,"Cappadocia rug",undefined USD,https://aytekrugs.com/rug/10410,[object Object],in stock,Aytek Rugs,new,10410,"Cappadocia rug"
10411,"Cappadocia rug",undefined USD,https://aytekrugs.com/rug/10411,[object Object],in stock,Aytek Rugs,new,10411,"Cappadocia rug"
10412,"Cappadocia rug",undefined USD,https://aytekrugs.com/rug/10412,[object Object],in stock,Aytek Rugs,new,10412,"Cappadocia rug"
10413,"Cappadocia rug",undefined USD,https://aytekrugs.com/rug/10413,[object Object],in stock,Aytek Rugs,new,10413,"Cappadocia rug"
10416,"Cappadocia rug",undefined USD,https://aytekrugs.com/rug/10416,[object Object],in stock,Aytek Rugs,new,10416,"Cappadocia rug"
10417,"Cappadocia rug",undefined USD,https://aytekrugs.com/rug/10417,[object Object],in stock,Aytek Rugs,new,10417,"Cappadocia rug"
10418,"Cappadocia rug",undefined USD,https://aytekrugs.com/rug/10418,[object Object],in stock,Aytek Rugs,new,10418,"Cappadocia rug"
10420,"Cappadocia rug",undefined USD,https://aytekrugs.com/rug/10420,[object Object],in stock,Aytek Rugs,new,10420,"Cappadocia rug"
10421,"Cappadocia rug",undefined USD,https://aytekrugs.com/rug/10421,[object Object],in stock,Aytek Rugs,new,10421,"Cappadocia rug"
10422,"Cappadocia rug",undefined USD,https://aytekrugs.com/rug/10422,[object Object],in stock,Aytek Rugs,new,10422,"Cappadocia rug"
10423,"Cappadocia rug",undefined USD,https://aytekrugs.com/rug/10423,[object Object],in stock,Aytek Rugs,new,10423,"Cappadocia rug"
10424,"Cappadocia rug",undefined USD,https://aytekrugs.com/rug/10424,[object Object],in stock,Aytek Rugs,new,10424,"Cappadocia rug"
10425,"Cappadocia rug",undefined USD,https://aytekrugs.com/rug/10425,[object Object],in stock,Aytek Rugs,new,10425,"Cappadocia rug"
10427,"Cappadocia rug",undefined USD,https://aytekrugs.com/rug/10427,[object Object],in stock,Aytek Rugs,new,10427,"Cappadocia rug"
10429,"Cappadocia rug",undefined USD,https://aytekrugs.com/rug/10429,[object Object],in stock,Aytek Rugs,new,10429,"Cappadocia rug"
10431,"Cappadocia rug",undefined USD,https://aytekrugs.com/rug/10431,[object Object],in stock,Aytek Rugs,new,10431,"Cappadocia rug"
10432,"Cappadocia rug",undefined USD,https://aytekrugs.com/rug/10432,[object Object],in stock,Aytek Rugs,new,10432,"Cappadocia rug"
10433,"Cappadocia rug",undefined USD,https://aytekrugs.com/rug/10433,[object Object],in stock,Aytek Rugs,new,10433,"Cappadocia rug"
10434,"Cappadocia rug",undefined USD,https://aytekrugs.com/rug/10434,[object Object],in stock,Aytek Rugs,new,10434,"Cappadocia rug"
10436,"Cappadocia rug",undefined USD,https://aytekrugs.com/rug/10436,[object Object],in stock,Aytek Rugs,new,10436,"Cappadocia rug"
10438,"Cappadocia rug",undefined USD,https://aytekrugs.com/rug/10438,[object Object],in stock,Aytek Rugs,new,10438,"Cappadocia rug"
10441,"Cappadocia rug",undefined USD,https://aytekrugs.com/rug/10441,[object Object],in stock,Aytek Rugs,new,10441,"Cappadocia rug"
10442,"Cappadocia rug",undefined USD,https://aytekrugs.com/rug/10442,[object Object],in stock,Aytek Rugs,new,10442,"Cappadocia rug"
10451,"Cappadocia rug",undefined USD,https://aytekrugs.com/rug/10451,[object Object],in stock,Aytek Rugs,new,10451,"Cappadocia rug"
10472,"Cappadocia rug",undefined USD,https://aytekrugs.com/rug/10472,[object Object],in stock,Aytek Rugs,new,10472,"Cappadocia rug"
11601,"Cappadocia rug",undefined USD,https://aytekrugs.com/rug/11601,[object Object],in stock,Aytek Rugs,new,11601,"Cappadocia rug"
13017,"Cappadocia rug",undefined USD,https://aytekrugs.com/rug/13017,[object Object],in stock,Aytek Rugs,new,13017,"Cappadocia rug"
13101,"Cappadocia rug",undefined USD,https://aytekrugs.com/rug/13101,[object Object],in stock,Aytek Rugs,new,13101,"Cappadocia rug"
13293,"Cappadocia rug",undefined USD,https://aytekrugs.com/rug/13293,[object Object],in stock,Aytek Rugs,new,13293,"Cappadocia rug"
13296,"Cappadocia rug",undefined USD,https://aytekrugs.com/rug/13296,[object Object],in stock,Aytek Rugs,new,13296,"Cappadocia rug"
13297,"Cappadocia rug",undefined USD,https://aytekrugs.com/rug/13297,[object Object],in stock,Aytek Rugs,new,13297,"Cappadocia rug"
13758,"Cappadocia rug",undefined USD,https://aytekrugs.com/rug/13758,[object Object],in stock,Aytek Rugs,new,13758,"Cappadocia rug"
13759,"Cappadocia rug",undefined USD,https://aytekrugs.com/rug/13759,[object Object],in stock,Aytek Rugs,new,13759,"Cappadocia rug"
14360,"Cappadocia rug",undefined USD,https://aytekrugs.com/rug/14360,[object Object],in stock,Aytek Rugs,new,14360,"Cappadocia rug"
14440,"Cappadocia rug",undefined USD,https://aytekrugs.com/rug/14440,[object Object],in stock,Aytek Rugs,new,14440,"Cappadocia rug"
14442,"Cappadocia rug",undefined USD,https://aytekrugs.com/rug/14442,[object Object],in stock,Aytek Rugs,new,14442,"Cappadocia rug"
14443,"Cappadocia rug",undefined USD,https://aytekrugs.com/rug/14443,[object Object],in stock,Aytek Rugs,new,14443,"Cappadocia rug"
14479,"Cappadocia rug",undefined USD,https://aytekrugs.com/rug/14479,[object Object],in stock,Aytek Rugs,new,14479,"Cappadocia rug"
14890,"Cappadocia rug",undefined USD,https://aytekrugs.com/rug/14890,[object Object],in stock,Aytek Rugs,new,14890,"Cappadocia rug"
15077,"Cappadocia rug",undefined USD,https://aytekrugs.com/rug/15077,[object Object],in stock,Aytek Rugs,new,15077,"Cappadocia rug"
15081,"Cappadocia rug",undefined USD,https://aytekrugs.com/rug/15081,[object Object],in stock,Aytek Rugs,new,15081,"Cappadocia rug"
15101,"Cappadocia rug",undefined USD,https://aytekrugs.com/rug/15101,[object Object],in stock,Aytek Rugs,new,15101,"Cappadocia rug"
15114,"Cappadocia rug",undefined USD,https://aytekrugs.com/rug/15114,[object Object],in stock,Aytek Rugs,new,15114,"Cappadocia rug"
15191,"Cappadocia rug",undefined USD,https://aytekrugs.com/rug/15191,[object Object],in stock,Aytek Rugs,new,15191,"Cappadocia rug"
16450,"Cappadocia rug",undefined USD,https://aytekrugs.com/rug/16450,[object Object],in stock,Aytek Rugs,new,16450,"Cappadocia rug"
16476,"Cappadocia rug",undefined USD,https://aytekrugs.com/rug/16476,[object Object],in stock,Aytek Rugs,new,16476,"Cappadocia rug"
16523,"Cappadocia rug",undefined USD,https://aytekrugs.com/rug/16523,[object Object],in stock,Aytek Rugs,new,16523,"Cappadocia rug"
16532,"Cappadocia rug",undefined USD,https://aytekrugs.com/rug/16532,[object Object],in stock,Aytek Rugs,new,16532,"Cappadocia rug"
16533,"Cappadocia rug",undefined USD,https://aytekrugs.com/rug/16533,[object Object],in stock,Aytek Rugs,new,16533,"Cappadocia rug"
16547,"Cappadocia rug",undefined USD,https://aytekrugs.com/rug/16547,[object Object],in stock,Aytek Rugs,new,16547,"Cappadocia rug"
16548,"Cappadocia rug",undefined USD,https://aytekrugs.com/rug/16548,[object Object],in stock,Aytek Rugs,new,16548,"Cappadocia rug"
16549,"Cappadocia rug",undefined USD,https://aytekrugs.com/rug/16549,[object Object],in stock,Aytek Rugs,new,16549,"Cappadocia rug"
15198,"Cappadocia rug",undefined USD,https://aytekrugs.com/rug/15198,[object Object],in stock,Aytek Rugs,new,15198,"Cappadocia rug"
15237,"Cappadocia rug",undefined USD,https://aytekrugs.com/rug/15237,[object Object],in stock,Aytek Rugs,new,15237,"Cappadocia rug"
15356,"Cappadocia rug",undefined USD,https://aytekrugs.com/rug/15356,[object Object],in stock,Aytek Rugs,new,15356,"Cappadocia rug"
16189,"Cappadocia rug",undefined USD,https://aytekrugs.com/rug/16189,[object Object],in stock,Aytek Rugs,new,16189,"Cappadocia rug"
16192,"Cappadocia rug",undefined USD,https://aytekrugs.com/rug/16192,[object Object],in stock,Aytek Rugs,new,16192,"Cappadocia rug"
16194,"Cappadocia rug",undefined USD,https://aytekrugs.com/rug/16194,[object Object],in stock,Aytek Rugs,new,16194,"Cappadocia rug"
16390,"Cappadocia rug",undefined USD,https://aytekrugs.com/rug/16390,[object Object],in stock,Aytek Rugs,new,16390,"Cappadocia rug"
16600,"Cappadocia rug",undefined USD,https://aytekrugs.com/rug/16600,[object Object],in stock,Aytek Rugs,new,16600,"Cappadocia rug"
10437,"Cappadocia rug",undefined USD,https://aytekrugs.com/rug/10437,[object Object],in stock,Aytek Rugs,new,10437,"Cappadocia rug"
10379,"Cappadocia rug",undefined USD,https://aytekrugs.com/rug/10379,[object Object],in stock,Aytek Rugs,new,10379,"Cappadocia rug"
